#! /usr/bin/vvp
:ivl_version "10.3 (stable)";
:ivl_delay_selection "TYPICAL";
:vpi_time_precision - 9;
:vpi_module "system";
:vpi_module "vhdl_sys";
:vpi_module "v2005_math";
:vpi_module "va_math";
:vpi_module "v2009";
S_0x564ef346afb0 .scope module, "core" "core" 2 5;
 .timescale -9 -9;
    .port_info 0 /INPUT 1 "clk"
    .port_info 1 /INPUT 1 "reset"
    .port_info 2 /INPUT 1 "start"
    .port_info 3 /OUTPUT 1 "done"
    .port_info 4 /INPUT 8 "block_id"
    .port_info 5 /INPUT 3 "thread_count"
    .port_info 6 /OUTPUT 1 "program_mem_read_valid"
    .port_info 7 /OUTPUT 8 "program_mem_read_address"
    .port_info 8 /INPUT 1 "program_mem_read_ready"
    .port_info 9 /INPUT 16 "program_mem_read_data"
    .port_info 10 /OUTPUT 4 "data_mem_read_valid"
    .port_info 11 /OUTPUT 32 "data_mem_read_address"
    .port_info 12 /INPUT 4 "data_mem_read_ready"
    .port_info 13 /INPUT 8 "data_mem_read_data"
    .port_info 14 /OUTPUT 4 "data_mem_write_valid"
    .port_info 15 /OUTPUT 32 "data_mem_write_address"
    .port_info 16 /OUTPUT 32 "data_mem_write_data"
    .port_info 17 /INPUT 4 "data_mem_write_ready"
    .port_info 18 /OUTPUT 1 "systolic_done"
P_0x564ef34759a0 .param/l "DATA_MEM_ADDR_BITS" 0 2 6, +C4<00000000000000000000000000001000>;
P_0x564ef34759e0 .param/l "DATA_MEM_DATA_BITS" 0 2 7, +C4<00000000000000000000000000001000>;
P_0x564ef3475a20 .param/l "PROGRAM_MEM_ADDR_BITS" 0 2 8, +C4<00000000000000000000000000001000>;
P_0x564ef3475a60 .param/l "PROGRAM_MEM_DATA_BITS" 0 2 9, +C4<00000000000000000000000000010000>;
P_0x564ef3475aa0 .param/l "SA_SIZE" 0 2 11, +C4<00000000000000000000000000000100>;
P_0x564ef3475ae0 .param/l "THREADS_PER_BLOCK" 0 2 10, +C4<00000000000000000000000000000100>;
L_0x564ef34b1bd0 .functor BUFZ 2, v0x564ef347e2c0_0, C4<00>, C4<00>, C4<00>;
L_0x564ef34b1cc0 .functor BUFZ 2, v0x564ef3483fa0_0, C4<00>, C4<00>, C4<00>;
L_0x564ef34b1d80 .functor BUFZ 2, v0x564ef3489d00_0, C4<00>, C4<00>, C4<00>;
L_0x564ef34b1e40 .functor BUFZ 2, v0x564ef348fc50_0, C4<00>, C4<00>, C4<00>;
L_0x564ef34b1f30 .functor BUFZ 8, v0x564ef347f990_0, C4<00000000>, C4<00000000>, C4<00000000>;
L_0x564ef34b1ff0 .functor BUFZ 8, v0x564ef3485860_0, C4<00000000>, C4<00000000>, C4<00000000>;
L_0x564ef34b20b0 .functor BUFZ 8, v0x564ef348b490_0, C4<00000000>, C4<00000000>, C4<00000000>;
L_0x564ef34b2170 .functor BUFZ 8, v0x564ef34915b0_0, C4<00000000>, C4<00000000>, C4<00000000>;
L_0x564ef34b2280 .functor BUFZ 1, v0x564ef34acca0_0, C4<0>, C4<0>, C4<0>;
L_0x564ef34b2ad0 .functor BUFZ 64, L_0x564ef34b7640, C4<0000000000000000000000000000000000000000000000000000000000000000>, C4<0000000000000000000000000000000000000000000000000000000000000000>, C4<0000000000000000000000000000000000000000000000000000000000000000>;
L_0x564ef34b2c40 .functor BUFZ 64, L_0x564ef34b7860, C4<0000000000000000000000000000000000000000000000000000000000000000>, C4<0000000000000000000000000000000000000000000000000000000000000000>, C4<0000000000000000000000000000000000000000000000000000000000000000>;
L_0x564ef34b2d10 .functor BUFZ 64, L_0x564ef34b7920, C4<0000000000000000000000000000000000000000000000000000000000000000>, C4<0000000000000000000000000000000000000000000000000000000000000000>, C4<0000000000000000000000000000000000000000000000000000000000000000>;
L_0x564ef34b2e90 .functor BUFZ 64, L_0x564ef34b7b50, C4<0000000000000000000000000000000000000000000000000000000000000000>, C4<0000000000000000000000000000000000000000000000000000000000000000>, C4<0000000000000000000000000000000000000000000000000000000000000000>;
L_0x564ef34b2f60 .functor BUFZ 64, L_0x564ef34b7c10, C4<0000000000000000000000000000000000000000000000000000000000000000>, C4<0000000000000000000000000000000000000000000000000000000000000000>, C4<0000000000000000000000000000000000000000000000000000000000000000>;
L_0x564ef34b30f0 .functor BUFZ 64, L_0x564ef34b7e50, C4<0000000000000000000000000000000000000000000000000000000000000000>, C4<0000000000000000000000000000000000000000000000000000000000000000>, C4<0000000000000000000000000000000000000000000000000000000000000000>;
L_0x564ef34b31c0 .functor BUFZ 64, L_0x564ef34b7f10, C4<0000000000000000000000000000000000000000000000000000000000000000>, C4<0000000000000000000000000000000000000000000000000000000000000000>, C4<0000000000000000000000000000000000000000000000000000000000000000>;
L_0x564ef34b3360 .functor BUFZ 64, L_0x564ef34b8160, C4<0000000000000000000000000000000000000000000000000000000000000000>, C4<0000000000000000000000000000000000000000000000000000000000000000>, C4<0000000000000000000000000000000000000000000000000000000000000000>;
L_0x564ef34b3430 .functor BUFZ 64, L_0x564ef34b8220, C4<0000000000000000000000000000000000000000000000000000000000000000>, C4<0000000000000000000000000000000000000000000000000000000000000000>, C4<0000000000000000000000000000000000000000000000000000000000000000>;
L_0x564ef34b35e0 .functor BUFZ 64, L_0x564ef34b8480, C4<0000000000000000000000000000000000000000000000000000000000000000>, C4<0000000000000000000000000000000000000000000000000000000000000000>, C4<0000000000000000000000000000000000000000000000000000000000000000>;
L_0x564ef34b36b0 .functor BUFZ 64, L_0x564ef34b8540, C4<0000000000000000000000000000000000000000000000000000000000000000>, C4<0000000000000000000000000000000000000000000000000000000000000000>, C4<0000000000000000000000000000000000000000000000000000000000000000>;
L_0x564ef34b3870 .functor BUFZ 64, L_0x564ef34b87b0, C4<0000000000000000000000000000000000000000000000000000000000000000>, C4<0000000000000000000000000000000000000000000000000000000000000000>, C4<0000000000000000000000000000000000000000000000000000000000000000>;
L_0x564ef34b3940 .functor BUFZ 64, L_0x564ef34b8870, C4<0000000000000000000000000000000000000000000000000000000000000000>, C4<0000000000000000000000000000000000000000000000000000000000000000>, C4<0000000000000000000000000000000000000000000000000000000000000000>;
L_0x564ef34b3b10 .functor BUFZ 64, L_0x564ef34b8af0, C4<0000000000000000000000000000000000000000000000000000000000000000>, C4<0000000000000000000000000000000000000000000000000000000000000000>, C4<0000000000000000000000000000000000000000000000000000000000000000>;
L_0x564ef34b3be0 .functor BUFZ 64, L_0x564ef34b8bb0, C4<0000000000000000000000000000000000000000000000000000000000000000>, C4<0000000000000000000000000000000000000000000000000000000000000000>, C4<0000000000000000000000000000000000000000000000000000000000000000>;
L_0x564ef34b3dc0 .functor BUFZ 64, L_0x564ef34b8e40, C4<0000000000000000000000000000000000000000000000000000000000000000>, C4<0000000000000000000000000000000000000000000000000000000000000000>, C4<0000000000000000000000000000000000000000000000000000000000000000>;
v0x564ef34953c0_0 .array/port v0x564ef34953c0, 0;
L_0x564ef34b69f0 .functor BUFZ 32, v0x564ef34953c0_0, C4<00000000000000000000000000000000>, C4<00000000000000000000000000000000>, C4<00000000000000000000000000000000>;
v0x564ef34953c0_1 .array/port v0x564ef34953c0, 1;
L_0x564ef34b6c20 .functor BUFZ 32, v0x564ef34953c0_1, C4<00000000000000000000000000000000>, C4<00000000000000000000000000000000>, C4<00000000000000000000000000000000>;
v0x564ef34953c0_2 .array/port v0x564ef34953c0, 2;
L_0x564ef34b6d30 .functor BUFZ 32, v0x564ef34953c0_2, C4<00000000000000000000000000000000>, C4<00000000000000000000000000000000>, C4<00000000000000000000000000000000>;
v0x564ef34953c0_3 .array/port v0x564ef34953c0, 3;
L_0x564ef34b6b00 .functor BUFZ 32, v0x564ef34953c0_3, C4<00000000000000000000000000000000>, C4<00000000000000000000000000000000>, C4<00000000000000000000000000000000>;
v0x564ef34957c0_0 .array/port v0x564ef34957c0, 0;
L_0x564ef34b6f70 .functor BUFZ 32, v0x564ef34957c0_0, C4<00000000000000000000000000000000>, C4<00000000000000000000000000000000>, C4<00000000000000000000000000000000>;
v0x564ef34957c0_1 .array/port v0x564ef34957c0, 1;
L_0x564ef34b71c0 .functor BUFZ 32, v0x564ef34957c0_1, C4<00000000000000000000000000000000>, C4<00000000000000000000000000000000>, C4<00000000000000000000000000000000>;
v0x564ef34957c0_2 .array/port v0x564ef34957c0, 2;
L_0x564ef34b72d0 .functor BUFZ 32, v0x564ef34957c0_2, C4<00000000000000000000000000000000>, C4<00000000000000000000000000000000>, C4<00000000000000000000000000000000>;
v0x564ef34957c0_3 .array/port v0x564ef34957c0, 3;
L_0x564ef34b7530 .functor BUFZ 32, v0x564ef34957c0_3, C4<00000000000000000000000000000000>, C4<00000000000000000000000000000000>, C4<00000000000000000000000000000000>;
L_0x564ef34b7640 .functor BUFZ 64, v0x564ef3496ef0_0, C4<0000000000000000000000000000000000000000000000000000000000000000>, C4<0000000000000000000000000000000000000000000000000000000000000000>, C4<0000000000000000000000000000000000000000000000000000000000000000>;
L_0x564ef34b7860 .functor BUFZ 64, v0x564ef3497e20_0, C4<0000000000000000000000000000000000000000000000000000000000000000>, C4<0000000000000000000000000000000000000000000000000000000000000000>, C4<0000000000000000000000000000000000000000000000000000000000000000>;
L_0x564ef34b7920 .functor BUFZ 64, v0x564ef3498d40_0, C4<0000000000000000000000000000000000000000000000000000000000000000>, C4<0000000000000000000000000000000000000000000000000000000000000000>, C4<0000000000000000000000000000000000000000000000000000000000000000>;
L_0x564ef34b7b50 .functor BUFZ 64, v0x564ef3499c00_0, C4<0000000000000000000000000000000000000000000000000000000000000000>, C4<0000000000000000000000000000000000000000000000000000000000000000>, C4<0000000000000000000000000000000000000000000000000000000000000000>;
L_0x564ef34b7c10 .functor BUFZ 64, v0x564ef349ade0_0, C4<0000000000000000000000000000000000000000000000000000000000000000>, C4<0000000000000000000000000000000000000000000000000000000000000000>, C4<0000000000000000000000000000000000000000000000000000000000000000>;
L_0x564ef34b7e50 .functor BUFZ 64, v0x564ef349bcf0_0, C4<0000000000000000000000000000000000000000000000000000000000000000>, C4<0000000000000000000000000000000000000000000000000000000000000000>, C4<0000000000000000000000000000000000000000000000000000000000000000>;
L_0x564ef34b7f10 .functor BUFZ 64, v0x564ef349cc10_0, C4<0000000000000000000000000000000000000000000000000000000000000000>, C4<0000000000000000000000000000000000000000000000000000000000000000>, C4<0000000000000000000000000000000000000000000000000000000000000000>;
L_0x564ef34b8160 .functor BUFZ 64, v0x564ef349dc30_0, C4<0000000000000000000000000000000000000000000000000000000000000000>, C4<0000000000000000000000000000000000000000000000000000000000000000>, C4<0000000000000000000000000000000000000000000000000000000000000000>;
L_0x564ef34b8220 .functor BUFZ 64, v0x564ef349ee20_0, C4<0000000000000000000000000000000000000000000000000000000000000000>, C4<0000000000000000000000000000000000000000000000000000000000000000>, C4<0000000000000000000000000000000000000000000000000000000000000000>;
L_0x564ef34b8480 .functor BUFZ 64, v0x564ef349fd30_0, C4<0000000000000000000000000000000000000000000000000000000000000000>, C4<0000000000000000000000000000000000000000000000000000000000000000>, C4<0000000000000000000000000000000000000000000000000000000000000000>;
L_0x564ef34b8540 .functor BUFZ 64, v0x564ef34a0c50_0, C4<0000000000000000000000000000000000000000000000000000000000000000>, C4<0000000000000000000000000000000000000000000000000000000000000000>, C4<0000000000000000000000000000000000000000000000000000000000000000>;
L_0x564ef34b87b0 .functor BUFZ 64, v0x564ef34a1b60_0, C4<0000000000000000000000000000000000000000000000000000000000000000>, C4<0000000000000000000000000000000000000000000000000000000000000000>, C4<0000000000000000000000000000000000000000000000000000000000000000>;
L_0x564ef34b8870 .functor BUFZ 64, v0x564ef34a3560_0, C4<0000000000000000000000000000000000000000000000000000000000000000>, C4<0000000000000000000000000000000000000000000000000000000000000000>, C4<0000000000000000000000000000000000000000000000000000000000000000>;
L_0x564ef34b8af0 .functor BUFZ 64, v0x564ef34a4470_0, C4<0000000000000000000000000000000000000000000000000000000000000000>, C4<0000000000000000000000000000000000000000000000000000000000000000>, C4<0000000000000000000000000000000000000000000000000000000000000000>;
L_0x564ef34b8bb0 .functor BUFZ 64, v0x564ef34a5390_0, C4<0000000000000000000000000000000000000000000000000000000000000000>, C4<0000000000000000000000000000000000000000000000000000000000000000>, C4<0000000000000000000000000000000000000000000000000000000000000000>;
L_0x564ef34b8e40 .functor BUFZ 64, v0x564ef34a62a0_0, C4<0000000000000000000000000000000000000000000000000000000000000000>, C4<0000000000000000000000000000000000000000000000000000000000000000>, C4<0000000000000000000000000000000000000000000000000000000000000000>;
L_0x564ef34b9160 .functor OR 1, v0x564ef3494b90_0, L_0x564ef34b8ff0, C4<0>, C4<0>;
L_0x564ef34b9760 .functor AND 1, L_0x564ef34b95e0, v0x564ef3494b90_0, C4<1>, C4<1>;
L_0x564ef34b9b80 .functor NOT 1, v0x564ef3494b90_0, C4<0>, C4<0>, C4<0>;
L_0x564ef34b9de0 .functor AND 1, L_0x564ef34b99f0, L_0x564ef34b9b80, C4<1>, C4<1>;
o0x7f175dad6bc8 .functor BUFZ 8, C4<zzzzzzzz>; HiZ drive
L_0x564ef34b9f40 .functor BUFZ 8, o0x7f175dad6bc8, C4<00000000>, C4<00000000>, C4<00000000>;
L_0x564ef34ba290 .functor BUFZ 8, o0x7f175dad6bc8, C4<00000000>, C4<00000000>, C4<00000000>;
L_0x564ef34ba630 .functor OR 1, v0x564ef3494ed0_0, L_0x564ef34ba490, C4<0>, C4<0>;
L_0x564ef34baea0 .functor AND 1, L_0x564ef34bad70, v0x564ef3494ed0_0, C4<1>, C4<1>;
L_0x564ef34bb2b0 .functor NOT 1, v0x564ef3494ed0_0, C4<0>, C4<0>, C4<0>;
L_0x564ef34bb540 .functor AND 1, L_0x564ef34bb210, L_0x564ef34bb2b0, C4<1>, C4<1>;
v0x564ef34a83a0_0 .net *"_s124", 0 0, L_0x564ef34b8ff0;  1 drivers
v0x564ef34a84a0_0 .net *"_s125", 0 0, L_0x564ef34b9160;  1 drivers
v0x564ef34a8580_0 .net *"_s132", 0 0, L_0x564ef34b95e0;  1 drivers
v0x564ef34a8670_0 .net *"_s139", 0 0, L_0x564ef34b99f0;  1 drivers
v0x564ef34a8750_0 .net *"_s140", 0 0, L_0x564ef34b9b80;  1 drivers
v0x564ef34a8880_0 .net *"_s142", 0 0, L_0x564ef34b9de0;  1 drivers
v0x564ef34a8960_0 .net *"_s153", 0 0, L_0x564ef34ba490;  1 drivers
v0x564ef34a8a40_0 .net *"_s154", 0 0, L_0x564ef34ba630;  1 drivers
v0x564ef34a8b20_0 .net *"_s165", 0 0, L_0x564ef34bad70;  1 drivers
v0x564ef34a8c90_0 .net *"_s172", 0 0, L_0x564ef34bb210;  1 drivers
v0x564ef34a8d70_0 .net *"_s173", 0 0, L_0x564ef34bb2b0;  1 drivers
v0x564ef34a8e50_0 .net *"_s175", 0 0, L_0x564ef34bb540;  1 drivers
v0x564ef34a8f30 .array "alu_out", 0 3;
v0x564ef34a8f30_0 .net v0x564ef34a8f30 0, 7 0, L_0x564ef3377e70; 1 drivers
v0x564ef34a8f30_1 .net v0x564ef34a8f30 1, 7 0, L_0x564ef3377fa0; 1 drivers
v0x564ef34a8f30_2 .net v0x564ef34a8f30 2, 7 0, L_0x564ef33599d0; 1 drivers
v0x564ef34a8f30_3 .net v0x564ef34a8f30 3, 7 0, L_0x564ef3359ca0; 1 drivers
o0x7f175dacfa88 .functor BUFZ 8, C4<zzzzzzzz>; HiZ drive
v0x564ef34a8ff0_0 .net "block_id", 7 0, o0x7f175dacfa88;  0 drivers
o0x7f175dace018 .functor BUFZ 1, C4<z>; HiZ drive
v0x564ef34a9140_0 .net "clk", 0 0, o0x7f175dace018;  0 drivers
v0x564ef34a91e0_0 .net "core_state", 2 0, v0x564ef333b470_0;  1 drivers
v0x564ef34a92a0_0 .net "current_pc", 7 0, v0x564ef3321f80_0;  1 drivers
v0x564ef34a9360 .array "data_mem_read_address", 0 3;
v0x564ef34a9360_0 .net v0x564ef34a9360 0, 7 0, L_0x564ef34b94a0; 1 drivers
v0x564ef34a9360_1 .net v0x564ef34a9360 1, 7 0, L_0x564ef3359bb0; 1 drivers
v0x564ef34a9360_2 .net v0x564ef34a9360 2, 7 0, L_0x564ef34b0ae0; 1 drivers
v0x564ef34a9360_3 .net v0x564ef34a9360 3, 7 0, L_0x564ef34b0f10; 1 drivers
v0x564ef34a94d0_0 .net "data_mem_read_data", 7 0, o0x7f175dad6bc8;  0 drivers
o0x7f175dad6bf8 .functor BUFZ 4, C4<zzzz>; HiZ drive
v0x564ef34a95b0_0 .net "data_mem_read_ready", 3 0, o0x7f175dad6bf8;  0 drivers
v0x564ef34a9690_0 .net "data_mem_read_valid", 3 0, L_0x564ef34b2ba0;  1 drivers
v0x564ef34a9770 .array "data_mem_write_address", 0 3;
v0x564ef34a9770_0 .net v0x564ef34a9770 0, 7 0, L_0x564ef34ba9a0; 1 drivers
v0x564ef34a9770_1 .net v0x564ef34a9770 1, 7 0, L_0x564ef34b1260; 1 drivers
v0x564ef34a9770_2 .net v0x564ef34a9770 2, 7 0, L_0x564ef34b15c0; 1 drivers
v0x564ef34a9770_3 .net v0x564ef34a9770 3, 7 0, L_0x564ef34b1910; 1 drivers
v0x564ef34a98e0 .array "data_mem_write_data", 0 3;
v0x564ef34a98e0_0 .net v0x564ef34a98e0 0, 7 0, L_0x564ef34baae0; 1 drivers
v0x564ef34a98e0_1 .net v0x564ef34a98e0 1, 7 0, L_0x564ef34b1320; 1 drivers
v0x564ef34a98e0_2 .net v0x564ef34a98e0 2, 7 0, L_0x564ef34b16b0; 1 drivers
v0x564ef34a98e0_3 .net v0x564ef34a98e0 3, 7 0, L_0x564ef34b19b0; 1 drivers
o0x7f175dad6dd8 .functor BUFZ 4, C4<zzzz>; HiZ drive
v0x564ef34a9a50_0 .net "data_mem_write_ready", 3 0, o0x7f175dad6dd8;  0 drivers
v0x564ef34a9b30_0 .net "data_mem_write_valid", 3 0, L_0x564ef34ba300;  1 drivers
v0x564ef34a9c10_0 .net "decoded_alu_arithmetic_mux", 1 0, v0x564ef3361110_0;  1 drivers
v0x564ef34a9cd0_0 .net "decoded_alu_output_mux", 0 0, v0x564ef3326060_0;  1 drivers
v0x564ef34a9d70_0 .net "decoded_immediate", 7 0, v0x564ef337d2b0_0;  1 drivers
v0x564ef34a9e30_0 .net "decoded_mem_read_enable", 0 0, v0x564ef33e5f70_0;  1 drivers
v0x564ef34a9ed0_0 .net "decoded_mem_write_enable", 0 0, v0x564ef33e6030_0;  1 drivers
v0x564ef34a9f70_0 .net "decoded_nzp", 2 0, v0x564ef3418060_0;  1 drivers
v0x564ef34aa030_0 .net "decoded_nzp_write_enable", 0 0, v0x564ef3418140_0;  1 drivers
v0x564ef34aa0d0_0 .net "decoded_pc_mux", 0 0, v0x564ef3405c60_0;  1 drivers
v0x564ef34aa170_0 .net "decoded_rd_address", 3 0, v0x564ef3405d00_0;  1 drivers
v0x564ef34aa230_0 .net "decoded_reg_input_mux", 1 0, v0x564ef33f3880_0;  1 drivers
v0x564ef34aa2f0_0 .net "decoded_reg_write_enable", 0 0, v0x564ef33f3960_0;  1 drivers
v0x564ef34aa390_0 .net "decoded_ret", 0 0, v0x564ef33e0d10_0;  1 drivers
v0x564ef34aa430_0 .net "decoded_rs_address", 3 0, v0x564ef33e0dd0_0;  1 drivers
v0x564ef34aa4f0_0 .net "decoded_rt_address", 3 0, v0x564ef3473700_0;  1 drivers
v0x564ef34aa5b0_0 .net "decoded_systolic_enable", 0 0, v0x564ef34737e0_0;  1 drivers
v0x564ef34aa650_0 .net "done", 0 0, v0x564ef3322280_0;  1 drivers
v0x564ef34aa720_0 .net "fetcher_state", 2 0, v0x564ef3461070_0;  1 drivers
v0x564ef34aa7c0_0 .net "instruction", 15 0, v0x564ef3461150_0;  1 drivers
v0x564ef34aa8b0 .array "lsu_out", 0 3;
v0x564ef34aa8b0_0 .net v0x564ef34aa8b0 0, 7 0, v0x564ef33314b0_0; 1 drivers
v0x564ef34aa8b0_1 .net v0x564ef34aa8b0 1, 7 0, v0x564ef3483ec0_0; 1 drivers
v0x564ef34aa8b0_2 .net v0x564ef34aa8b0 2, 7 0, v0x564ef3489c20_0; 1 drivers
v0x564ef34aa8b0_3 .net v0x564ef34aa8b0 3, 7 0, v0x564ef348fb70_0; 1 drivers
v0x564ef34aaab0 .array "lsu_read_address_raw", 0 3;
v0x564ef34aaab0_0 .net v0x564ef34aaab0 0, 7 0, v0x564ef347e360_0; 1 drivers
v0x564ef34aaab0_1 .net v0x564ef34aaab0 1, 7 0, v0x564ef3484080_0; 1 drivers
v0x564ef34aaab0_2 .net v0x564ef34aaab0 2, 7 0, v0x564ef3489de0_0; 1 drivers
v0x564ef34aaab0_3 .net v0x564ef34aaab0 3, 7 0, v0x564ef348fd30_0; 1 drivers
v0x564ef34aab70 .array "lsu_read_data_internal", 0 3;
v0x564ef34aab70_0 .net v0x564ef34aab70 0, 7 0, L_0x564ef34ba290; 1 drivers
v0x564ef34aab70_1 .net v0x564ef34aab70 1, 7 0, L_0x564ef3359ac0; 1 drivers
v0x564ef34aab70_2 .net v0x564ef34aab70 2, 7 0, L_0x564ef34b0950; 1 drivers
v0x564ef34aab70_3 .net v0x564ef34aab70 3, 7 0, L_0x564ef34b10b0; 1 drivers
v0x564ef34aad00_0 .net "lsu_read_ready_internal", 3 0, L_0x564ef34b98b0;  1 drivers
v0x564ef34aada0_0 .net "lsu_read_valid_raw", 3 0, L_0x564ef34afc90;  1 drivers
v0x564ef34aae40 .array "lsu_state", 0 3;
v0x564ef34aae40_0 .net v0x564ef34aae40 0, 1 0, v0x564ef347e2c0_0; 1 drivers
v0x564ef34aae40_1 .net v0x564ef34aae40 1, 1 0, v0x564ef3483fa0_0; 1 drivers
v0x564ef34aae40_2 .net v0x564ef34aae40 2, 1 0, v0x564ef3489d00_0; 1 drivers
v0x564ef34aae40_3 .net v0x564ef34aae40 3, 1 0, v0x564ef348fc50_0; 1 drivers
v0x564ef34aafd0 .array "lsu_write_address_raw", 0 3;
v0x564ef34aafd0_0 .net v0x564ef34aafd0 0, 7 0, v0x564ef347e5e0_0; 1 drivers
v0x564ef34aafd0_1 .net v0x564ef34aafd0 1, 7 0, v0x564ef34843c0_0; 1 drivers
v0x564ef34aafd0_2 .net v0x564ef34aafd0 2, 7 0, v0x564ef348a1b0_0; 1 drivers
v0x564ef34aafd0_3 .net v0x564ef34aafd0 3, 7 0, v0x564ef3490100_0; 1 drivers
v0x564ef34ab160 .array "lsu_write_data_raw", 0 3;
v0x564ef34ab160_0 .net v0x564ef34ab160 0, 7 0, v0x564ef347e680_0; 1 drivers
v0x564ef34ab160_1 .net v0x564ef34ab160 1, 7 0, v0x564ef34844a0_0; 1 drivers
v0x564ef34ab160_2 .net v0x564ef34ab160 2, 7 0, v0x564ef348a290_0; 1 drivers
v0x564ef34ab160_3 .net v0x564ef34ab160 3, 7 0, v0x564ef34901e0_0; 1 drivers
v0x564ef34ab2f0_0 .net "lsu_write_ready_internal", 3 0, L_0x564ef34baf60;  1 drivers
v0x564ef34ab390_0 .net "lsu_write_valid_raw", 3 0, L_0x564ef34affa0;  1 drivers
v0x564ef34ab430 .array "next_pc", 0 3;
v0x564ef34ab430_0 .net v0x564ef34ab430 0, 7 0, v0x564ef347f990_0; 1 drivers
v0x564ef34ab430_1 .net v0x564ef34ab430 1, 7 0, v0x564ef3485860_0; 1 drivers
v0x564ef34ab430_2 .net v0x564ef34ab430 2, 7 0, v0x564ef348b490_0; 1 drivers
v0x564ef34ab430_3 .net v0x564ef34ab430 3, 7 0, v0x564ef34915b0_0; 1 drivers
v0x564ef34ab5c0_0 .net "program_mem_read_address", 7 0, v0x564ef345df80_0;  1 drivers
o0x7f175dace7c8 .functor BUFZ 16, C4<zzzzzzzzzzzzzzzz>; HiZ drive
v0x564ef34ab690_0 .net "program_mem_read_data", 15 0, o0x7f175dace7c8;  0 drivers
o0x7f175dace7f8 .functor BUFZ 1, C4<z>; HiZ drive
v0x564ef34ab760_0 .net "program_mem_read_ready", 0 0, o0x7f175dace7f8;  0 drivers
v0x564ef34ab830_0 .net "program_mem_read_valid", 0 0, v0x564ef345af20_0;  1 drivers
o0x7f175dace378 .functor BUFZ 1, C4<z>; HiZ drive
v0x564ef34ab900_0 .net "reset", 0 0, o0x7f175dace378;  0 drivers
v0x564ef34ab9a0 .array "rs", 0 3;
v0x564ef34ab9a0_0 .net v0x564ef34ab9a0 0, 7 0, v0x564ef3481020_0; 1 drivers
v0x564ef34ab9a0_1 .net v0x564ef34ab9a0 1, 7 0, v0x564ef3486ee0_0; 1 drivers
v0x564ef34ab9a0_2 .net v0x564ef34ab9a0 2, 7 0, v0x564ef348caa0_0; 1 drivers
v0x564ef34ab9a0_3 .net v0x564ef34ab9a0 3, 7 0, v0x564ef3492d60_0; 1 drivers
v0x564ef34aba70 .array "rt", 0 3;
v0x564ef34aba70_0 .net v0x564ef34aba70 0, 7 0, v0x564ef34810e0_0; 1 drivers
v0x564ef34aba70_1 .net v0x564ef34aba70 1, 7 0, v0x564ef3486ff0_0; 1 drivers
v0x564ef34aba70_2 .net v0x564ef34aba70 2, 7 0, v0x564ef348cb60_0; 1 drivers
v0x564ef34aba70_3 .net v0x564ef34aba70 3, 7 0, v0x564ef3492e20_0; 1 drivers
v0x564ef34abb40_0 .net "sa_enable", 0 0, v0x564ef3495300_0;  1 drivers
v0x564ef34abbe0_0 .net "sa_mem_read_address", 7 0, v0x564ef3494880_0;  1 drivers
v0x564ef34abcb0_0 .net "sa_mem_read_data", 7 0, L_0x564ef34b9f40;  1 drivers
v0x564ef34abd80_0 .net "sa_mem_read_ready", 0 0, L_0x564ef34b9760;  1 drivers
v0x564ef34ac260_0 .net "sa_mem_read_valid", 0 0, v0x564ef3494b90_0;  1 drivers
v0x564ef34ac330_0 .net "sa_mem_write_address", 7 0, v0x564ef3494c50_0;  1 drivers
v0x564ef34ac400_0 .net "sa_mem_write_data", 7 0, v0x564ef3494d30_0;  1 drivers
v0x564ef34ac4d0_0 .net "sa_mem_write_ready", 0 0, L_0x564ef34baea0;  1 drivers
v0x564ef34ac5a0_0 .net "sa_mem_write_valid", 0 0, v0x564ef3494ed0_0;  1 drivers
v0x564ef34ac670 .array "sa_north", 3 0;
v0x564ef34ac670_0 .net v0x564ef34ac670 0, 31 0, v0x564ef34953c0_0; 1 drivers
v0x564ef34ac670_1 .net v0x564ef34ac670 1, 31 0, v0x564ef34953c0_1; 1 drivers
v0x564ef34ac670_2 .net v0x564ef34ac670 2, 31 0, v0x564ef34953c0_2; 1 drivers
v0x564ef34ac670_3 .net v0x564ef34ac670 3, 31 0, v0x564ef34953c0_3; 1 drivers
v0x564ef34ac740 .array "sa_result", 15 0;
v0x564ef34ac740_0 .net v0x564ef34ac740 0, 63 0, L_0x564ef34b7640; 1 drivers
v0x564ef34ac740_1 .net v0x564ef34ac740 1, 63 0, L_0x564ef34b7860; 1 drivers
v0x564ef34ac740_2 .net v0x564ef34ac740 2, 63 0, L_0x564ef34b7920; 1 drivers
v0x564ef34ac740_3 .net v0x564ef34ac740 3, 63 0, L_0x564ef34b7b50; 1 drivers
v0x564ef34ac740_4 .net v0x564ef34ac740 4, 63 0, L_0x564ef34b7c10; 1 drivers
v0x564ef34ac740_5 .net v0x564ef34ac740 5, 63 0, L_0x564ef34b7e50; 1 drivers
v0x564ef34ac740_6 .net v0x564ef34ac740 6, 63 0, L_0x564ef34b7f10; 1 drivers
v0x564ef34ac740_7 .net v0x564ef34ac740 7, 63 0, L_0x564ef34b8160; 1 drivers
v0x564ef34ac740_8 .net v0x564ef34ac740 8, 63 0, L_0x564ef34b8220; 1 drivers
v0x564ef34ac740_9 .net v0x564ef34ac740 9, 63 0, L_0x564ef34b8480; 1 drivers
v0x564ef34ac740_10 .net v0x564ef34ac740 10, 63 0, L_0x564ef34b8540; 1 drivers
v0x564ef34ac740_11 .net v0x564ef34ac740 11, 63 0, L_0x564ef34b87b0; 1 drivers
v0x564ef34ac740_12 .net v0x564ef34ac740 12, 63 0, L_0x564ef34b8870; 1 drivers
v0x564ef34ac740_13 .net v0x564ef34ac740 13, 63 0, L_0x564ef34b8af0; 1 drivers
v0x564ef34ac740_14 .net v0x564ef34ac740 14, 63 0, L_0x564ef34b8bb0; 1 drivers
v0x564ef34ac740_15 .net v0x564ef34ac740 15, 63 0, L_0x564ef34b8e40; 1 drivers
v0x564ef34ac8c0 .array "sa_west", 3 0;
v0x564ef34ac8c0_0 .net v0x564ef34ac8c0 0, 31 0, v0x564ef34957c0_0; 1 drivers
v0x564ef34ac8c0_1 .net v0x564ef34ac8c0 1, 31 0, v0x564ef34957c0_1; 1 drivers
v0x564ef34ac8c0_2 .net v0x564ef34ac8c0 2, 31 0, v0x564ef34957c0_2; 1 drivers
v0x564ef34ac8c0_3 .net v0x564ef34ac8c0 3, 31 0, v0x564ef34957c0_3; 1 drivers
o0x7f175daced68 .functor BUFZ 1, C4<z>; HiZ drive
v0x564ef34aca30_0 .net "start", 0 0, o0x7f175daced68;  0 drivers
v0x564ef34acb00_0 .net "systolic_done", 0 0, v0x564ef3494620_0;  1 drivers
v0x564ef34acbd0_0 .net "systolic_start", 0 0, L_0x564ef34b2280;  1 drivers
v0x564ef34acca0_0 .var "systolic_start_reg", 0 0;
o0x7f175dad73a8 .functor BUFZ 3, C4<zzz>; HiZ drive
v0x564ef34acd40_0 .net "thread_count", 2 0, o0x7f175dad73a8;  0 drivers
L_0x564ef34ad6c0 .part L_0x564ef34b98b0, 0, 1;
L_0x564ef34ad760 .part L_0x564ef34baf60, 0, 1;
L_0x564ef34ae3e0 .part L_0x564ef34b98b0, 1, 1;
L_0x564ef34ae4d0 .part L_0x564ef34baf60, 1, 1;
L_0x564ef34af0f0 .part L_0x564ef34b98b0, 2, 1;
L_0x564ef34af190 .part L_0x564ef34baf60, 2, 1;
L_0x564ef34afc90 .concat8 [ 1 1 1 1], v0x564ef347e540_0, v0x564ef3484300_0, v0x564ef348a0f0_0, v0x564ef3490040_0;
L_0x564ef34afdf0 .part L_0x564ef34b98b0, 3, 1;
L_0x564ef34affa0 .concat8 [ 1 1 1 1], v0x564ef347e800_0, v0x564ef3484640_0, v0x564ef348a430_0, v0x564ef3490380_0;
L_0x564ef34b0160 .part L_0x564ef34baf60, 3, 1;
L_0x564ef34b0770 .part L_0x564ef34afc90, 1, 1;
L_0x564ef34b08b0 .part o0x7f175dad6bf8, 1, 1;
L_0x564ef34b0a10 .part L_0x564ef34afc90, 2, 1;
L_0x564ef34b0bd0 .part o0x7f175dad6bf8, 2, 1;
L_0x564ef34b0de0 .part L_0x564ef34afc90, 3, 1;
L_0x564ef34b0f80 .part o0x7f175dad6bf8, 3, 1;
L_0x564ef34b1170 .part L_0x564ef34affa0, 1, 1;
L_0x564ef34b13e0 .part o0x7f175dad6dd8, 1, 1;
L_0x564ef34b1520 .part L_0x564ef34affa0, 2, 1;
L_0x564ef34b1770 .part o0x7f175dad6dd8, 2, 1;
L_0x564ef34b1480 .part L_0x564ef34affa0, 3, 1;
L_0x564ef34b1a70 .part o0x7f175dad6dd8, 3, 1;
L_0x564ef34b2ba0 .concat8 [ 1 1 1 1], L_0x564ef34b9160, L_0x564ef34b0770, L_0x564ef34b0a10, L_0x564ef34b0de0;
L_0x564ef34b8ff0 .part L_0x564ef34afc90, 0, 1;
L_0x564ef34b94a0 .functor MUXZ 8, v0x564ef347e360_0, v0x564ef3494880_0, v0x564ef3494b90_0, C4<>;
L_0x564ef34b95e0 .part o0x7f175dad6bf8, 0, 1;
L_0x564ef34b98b0 .concat8 [ 1 1 1 1], L_0x564ef34b9de0, L_0x564ef34b08b0, L_0x564ef34b0bd0, L_0x564ef34b0f80;
L_0x564ef34b99f0 .part o0x7f175dad6bf8, 0, 1;
L_0x564ef34ba300 .concat8 [ 1 1 1 1], L_0x564ef34ba630, L_0x564ef34b1170, L_0x564ef34b1520, L_0x564ef34b1480;
L_0x564ef34ba490 .part L_0x564ef34affa0, 0, 1;
L_0x564ef34ba9a0 .functor MUXZ 8, v0x564ef347e5e0_0, v0x564ef3494c50_0, v0x564ef3494ed0_0, C4<>;
L_0x564ef34baae0 .functor MUXZ 8, v0x564ef347e680_0, v0x564ef3494d30_0, v0x564ef3494ed0_0, C4<>;
L_0x564ef34bad70 .part o0x7f175dad6dd8, 0, 1;
L_0x564ef34baf60 .concat8 [ 1 1 1 1], L_0x564ef34bb540, L_0x564ef34b13e0, L_0x564ef34b1770, L_0x564ef34b1a70;
L_0x564ef34bb210 .part o0x7f175dad6dd8, 0, 1;
S_0x564ef3448770 .scope module, "decoder_instance" "decoder" 2 93, 3 8 0, S_0x564ef346afb0;
 .timescale -9 -9;
    .port_info 0 /INPUT 1 "clk"
    .port_info 1 /INPUT 1 "reset"
    .port_info 2 /INPUT 3 "core_state"
    .port_info 3 /INPUT 16 "instruction"
    .port_info 4 /OUTPUT 4 "decoded_rd_address"
    .port_info 5 /OUTPUT 4 "decoded_rs_address"
    .port_info 6 /OUTPUT 4 "decoded_rt_address"
    .port_info 7 /OUTPUT 3 "decoded_nzp"
    .port_info 8 /OUTPUT 8 "decoded_immediate"
    .port_info 9 /OUTPUT 1 "decoded_reg_write_enable"
    .port_info 10 /OUTPUT 1 "decoded_mem_read_enable"
    .port_info 11 /OUTPUT 1 "decoded_mem_write_enable"
    .port_info 12 /OUTPUT 1 "decoded_nzp_write_enable"
    .port_info 13 /OUTPUT 2 "decoded_reg_input_mux"
    .port_info 14 /OUTPUT 2 "decoded_alu_arithmetic_mux"
    .port_info 15 /OUTPUT 1 "decoded_alu_output_mux"
    .port_info 16 /OUTPUT 1 "decoded_pc_mux"
    .port_info 17 /OUTPUT 1 "decoded_ret"
    .port_info 18 /OUTPUT 1 "decoded_systolic_enable"
P_0x564ef347bdd0 .param/l "ADD" 1 3 42, C4<0011>;
P_0x564ef347be10 .param/l "BRnzp" 1 3 40, C4<0001>;
P_0x564ef347be50 .param/l "CMP" 1 3 41, C4<0010>;
P_0x564ef347be90 .param/l "CONST" 1 3 48, C4<1001>;
P_0x564ef347bed0 .param/l "DIV" 1 3 45, C4<0110>;
P_0x564ef347bf10 .param/l "GEMM" 1 3 49, C4<1010>;
P_0x564ef347bf50 .param/l "LDR" 1 3 46, C4<0111>;
P_0x564ef347bf90 .param/l "MUL" 1 3 44, C4<0101>;
P_0x564ef347bfd0 .param/l "NOP" 1 3 39, C4<0000>;
P_0x564ef347c010 .param/l "RET" 1 3 50, C4<1111>;
P_0x564ef347c050 .param/l "STR" 1 3 47, C4<1000>;
P_0x564ef347c090 .param/l "SUB" 1 3 43, C4<0100>;
v0x564ef3432120_0 .net "clk", 0 0, o0x7f175dace018;  alias, 0 drivers
v0x564ef3431b50_0 .net "core_state", 2 0, v0x564ef333b470_0;  alias, 1 drivers
v0x564ef3361110_0 .var "decoded_alu_arithmetic_mux", 1 0;
v0x564ef3326060_0 .var "decoded_alu_output_mux", 0 0;
v0x564ef337d2b0_0 .var "decoded_immediate", 7 0;
v0x564ef33e5f70_0 .var "decoded_mem_read_enable", 0 0;
v0x564ef33e6030_0 .var "decoded_mem_write_enable", 0 0;
v0x564ef3418060_0 .var "decoded_nzp", 2 0;
v0x564ef3418140_0 .var "decoded_nzp_write_enable", 0 0;
v0x564ef3405c60_0 .var "decoded_pc_mux", 0 0;
v0x564ef3405d00_0 .var "decoded_rd_address", 3 0;
v0x564ef33f3880_0 .var "decoded_reg_input_mux", 1 0;
v0x564ef33f3960_0 .var "decoded_reg_write_enable", 0 0;
v0x564ef33e0d10_0 .var "decoded_ret", 0 0;
v0x564ef33e0dd0_0 .var "decoded_rs_address", 3 0;
v0x564ef3473700_0 .var "decoded_rt_address", 3 0;
v0x564ef34737e0_0 .var "decoded_systolic_enable", 0 0;
v0x564ef34705e0_0 .net "instruction", 15 0, v0x564ef3461150_0;  alias, 1 drivers
v0x564ef34706c0_0 .net "reset", 0 0, o0x7f175dace378;  alias, 0 drivers
E_0x564ef33581a0 .event posedge, v0x564ef3432120_0;
S_0x564ef344abd0 .scope module, "fetcher_instance" "fetcher" 2 86, 4 5 0, S_0x564ef346afb0;
 .timescale -9 -9;
    .port_info 0 /INPUT 1 "clk"
    .port_info 1 /INPUT 1 "reset"
    .port_info 2 /INPUT 3 "core_state"
    .port_info 3 /INPUT 8 "current_pc"
    .port_info 4 /OUTPUT 1 "mem_read_valid"
    .port_info 5 /OUTPUT 8 "mem_read_address"
    .port_info 6 /INPUT 1 "mem_read_ready"
    .port_info 7 /INPUT 16 "mem_read_data"
    .port_info 8 /OUTPUT 3 "fetcher_state"
    .port_info 9 /OUTPUT 16 "instruction"
P_0x564ef346a3d0 .param/l "FETCHED" 1 4 24, C4<010>;
P_0x564ef346a410 .param/l "FETCHING" 1 4 24, C4<001>;
P_0x564ef346a450 .param/l "IDLE" 1 4 24, C4<000>;
P_0x564ef346a490 .param/l "PROGRAM_MEM_ADDR_BITS" 0 4 6, +C4<00000000000000000000000000001000>;
P_0x564ef346a4d0 .param/l "PROGRAM_MEM_DATA_BITS" 0 4 7, +C4<00000000000000000000000000010000>;
v0x564ef33df3e0_0 .net "clk", 0 0, o0x7f175dace018;  alias, 0 drivers
v0x564ef3464290_0 .net "core_state", 2 0, v0x564ef333b470_0;  alias, 1 drivers
v0x564ef34673c0_0 .net "current_pc", 7 0, v0x564ef3321f80_0;  alias, 1 drivers
v0x564ef3461070_0 .var "fetcher_state", 2 0;
v0x564ef3461150_0 .var "instruction", 15 0;
v0x564ef345df80_0 .var "mem_read_address", 7 0;
v0x564ef345e040_0 .net "mem_read_data", 15 0, o0x7f175dace7c8;  alias, 0 drivers
v0x564ef345ae60_0 .net "mem_read_ready", 0 0, o0x7f175dace7f8;  alias, 0 drivers
v0x564ef345af20_0 .var "mem_read_valid", 0 0;
v0x564ef3457d40_0 .net "reset", 0 0, o0x7f175dace378;  alias, 0 drivers
S_0x564ef344ba40 .scope generate, "read_passthrough[1]" "read_passthrough[1]" 2 185, 2 185 0, S_0x564ef346afb0;
 .timescale -9 -9;
P_0x564ef333cff0 .param/l "j" 0 2 185, +C4<01>;
L_0x564ef3359bb0 .functor BUFZ 8, v0x564ef3484080_0, C4<00000000>, C4<00000000>, C4<00000000>;
L_0x564ef3359ac0 .functor BUFZ 8, o0x7f175dad6bc8, C4<00000000>, C4<00000000>, C4<00000000>;
v0x564ef3454c20_0 .net *"_s0", 0 0, L_0x564ef34b0770;  1 drivers
v0x564ef3454ce0_0 .net *"_s5", 0 0, L_0x564ef34b08b0;  1 drivers
S_0x564ef344dea0 .scope generate, "read_passthrough[2]" "read_passthrough[2]" 2 185, 2 185 0, S_0x564ef346afb0;
 .timescale -9 -9;
P_0x564ef3461210 .param/l "j" 0 2 185, +C4<010>;
L_0x564ef34b0ae0 .functor BUFZ 8, v0x564ef3489de0_0, C4<00000000>, C4<00000000>, C4<00000000>;
L_0x564ef34b0950 .functor BUFZ 8, o0x7f175dad6bc8, C4<00000000>, C4<00000000>, C4<00000000>;
v0x564ef3451b30_0 .net *"_s0", 0 0, L_0x564ef34b0a10;  1 drivers
v0x564ef3451c10_0 .net *"_s5", 0 0, L_0x564ef34b0bd0;  1 drivers
S_0x564ef344ed10 .scope generate, "read_passthrough[3]" "read_passthrough[3]" 2 185, 2 185 0, S_0x564ef346afb0;
 .timescale -9 -9;
P_0x564ef344e180 .param/l "j" 0 2 185, +C4<011>;
L_0x564ef34b0f10 .functor BUFZ 8, v0x564ef348fd30_0, C4<00000000>, C4<00000000>, C4<00000000>;
L_0x564ef34b10b0 .functor BUFZ 8, o0x7f175dad6bc8, C4<00000000>, C4<00000000>, C4<00000000>;
v0x564ef344e260_0 .net *"_s0", 0 0, L_0x564ef34b0de0;  1 drivers
v0x564ef344e340_0 .net *"_s5", 0 0, L_0x564ef34b0f80;  1 drivers
S_0x564ef3452710 .scope module, "scheduler_instance" "scheduler" 2 104, 5 17 0, S_0x564ef346afb0;
 .timescale -9 -9;
    .port_info 0 /INPUT 1 "clk"
    .port_info 1 /INPUT 1 "reset"
    .port_info 2 /INPUT 1 "start"
    .port_info 3 /INPUT 1 "decoded_mem_read_enable"
    .port_info 4 /INPUT 1 "decoded_mem_write_enable"
    .port_info 5 /INPUT 1 "decoded_ret"
    .port_info 6 /INPUT 3 "fetcher_state"
    .port_info 7 /INPUT 8 "lsu_state"
    .port_info 8 /OUTPUT 8 "current_pc"
    .port_info 9 /INPUT 32 "next_pc"
    .port_info 10 /OUTPUT 3 "core_state"
    .port_info 11 /OUTPUT 1 "done"
P_0x564ef347b590 .param/l "DECODE" 1 5 43, C4<010>;
P_0x564ef347b5d0 .param/l "DONE" 1 5 48, C4<111>;
P_0x564ef347b610 .param/l "EXECUTE" 1 5 46, C4<101>;
P_0x564ef347b650 .param/l "FETCH" 1 5 42, C4<001>;
P_0x564ef347b690 .param/l "IDLE" 1 5 41, C4<000>;
P_0x564ef347b6d0 .param/l "REQUEST" 1 5 44, C4<011>;
P_0x564ef347b710 .param/l "THREADS_PER_BLOCK" 0 5 18, +C4<00000000000000000000000000000100>;
P_0x564ef347b750 .param/l "UPDATE" 1 5 47, C4<110>;
P_0x564ef347b790 .param/l "WAIT" 1 5 45, C4<100>;
v0x564ef333b2a0_0 .var "any_lsu_waiting", 0 0;
v0x564ef333b360_0 .net "clk", 0 0, o0x7f175dace018;  alias, 0 drivers
v0x564ef333b470_0 .var "core_state", 2 0;
v0x564ef3321f80_0 .var "current_pc", 7 0;
v0x564ef3322020_0 .net "decoded_mem_read_enable", 0 0, v0x564ef33e5f70_0;  alias, 1 drivers
v0x564ef3322110_0 .net "decoded_mem_write_enable", 0 0, v0x564ef33e6030_0;  alias, 1 drivers
v0x564ef33221b0_0 .net "decoded_ret", 0 0, v0x564ef33e0d10_0;  alias, 1 drivers
v0x564ef3322280_0 .var "done", 0 0;
v0x564ef32e7240_0 .net "fetcher_state", 2 0, v0x564ef3461070_0;  alias, 1 drivers
v0x564ef32e72e0_0 .var/i "i", 31 0;
v0x564ef32e7380 .array "lsu_state", 0 3;
v0x564ef32e7380_0 .net v0x564ef32e7380 0, 1 0, L_0x564ef34b1bd0; 1 drivers
v0x564ef32e7380_1 .net v0x564ef32e7380 1, 1 0, L_0x564ef34b1cc0; 1 drivers
v0x564ef32e7380_2 .net v0x564ef32e7380 2, 1 0, L_0x564ef34b1d80; 1 drivers
v0x564ef32e7380_3 .net v0x564ef32e7380 3, 1 0, L_0x564ef34b1e40; 1 drivers
v0x564ef32e74d0 .array "next_pc", 0 3;
v0x564ef32e74d0_0 .net v0x564ef32e74d0 0, 7 0, L_0x564ef34b1f30; 1 drivers
v0x564ef32e74d0_1 .net v0x564ef32e74d0 1, 7 0, L_0x564ef34b1ff0; 1 drivers
v0x564ef32e74d0_2 .net v0x564ef32e74d0 2, 7 0, L_0x564ef34b20b0; 1 drivers
v0x564ef32e74d0_3 .net v0x564ef32e74d0 3, 7 0, L_0x564ef34b2170; 1 drivers
v0x564ef335d420_0 .net "reset", 0 0, o0x7f175dace378;  alias, 0 drivers
v0x564ef335d4c0_0 .net "start", 0 0, o0x7f175daced68;  alias, 0 drivers
S_0x564ef345eb60 .scope generate, "threads[0]" "threads[0]" 2 135, 2 135 0, S_0x564ef346afb0;
 .timescale -9 -9;
P_0x564ef335d750 .param/l "i" 0 2 135, +C4<00>;
L_0x7f175da85018 .functor BUFT 1, C4<0000>, C4<0>, C4<0>, C4<0>;
v0x564ef3481450_0 .net/2u *"_s0", 3 0, L_0x7f175da85018;  1 drivers
L_0x7f175da850a8 .functor BUFT 1, C4<0000>, C4<0>, C4<0>, C4<0>;
v0x564ef3481550_0 .net/2u *"_s11", 3 0, L_0x7f175da850a8;  1 drivers
v0x564ef3481630_0 .net *"_s13", 3 0, L_0x564ef34ad3e0;  1 drivers
L_0x7f175da850f0 .functor BUFT 1, C4<0>, C4<0>, C4<0>, C4<0>;
v0x564ef34816f0_0 .net *"_s16", 0 0, L_0x7f175da850f0;  1 drivers
v0x564ef34817d0_0 .net *"_s2", 3 0, L_0x564ef33e38c0;  1 drivers
L_0x7f175da85138 .functor BUFT 1, C4<0000>, C4<0>, C4<0>, C4<0>;
v0x564ef3481900_0 .net/2u *"_s29", 3 0, L_0x7f175da85138;  1 drivers
v0x564ef34819e0_0 .net *"_s31", 3 0, L_0x564ef34ad8e0;  1 drivers
L_0x7f175da85180 .functor BUFT 1, C4<0>, C4<0>, C4<0>, C4<0>;
v0x564ef3481ac0_0 .net *"_s34", 0 0, L_0x7f175da85180;  1 drivers
L_0x7f175da851c8 .functor BUFT 1, C4<0000>, C4<0>, C4<0>, C4<0>;
v0x564ef3481ba0_0 .net/2u *"_s41", 3 0, L_0x7f175da851c8;  1 drivers
v0x564ef3481d10_0 .net *"_s43", 3 0, L_0x564ef34adb80;  1 drivers
L_0x7f175da85210 .functor BUFT 1, C4<0>, C4<0>, C4<0>, C4<0>;
v0x564ef3481df0_0 .net *"_s46", 0 0, L_0x7f175da85210;  1 drivers
L_0x7f175da85060 .functor BUFT 1, C4<0>, C4<0>, C4<0>, C4<0>;
v0x564ef3481ed0_0 .net *"_s5", 0 0, L_0x7f175da85060;  1 drivers
L_0x564ef33e38c0 .concat [ 3 1 0 0], o0x7f175dad73a8, L_0x7f175da85060;
L_0x564ef34ad2a0 .cmp/gt 4, L_0x564ef33e38c0, L_0x7f175da85018;
L_0x564ef34ad3e0 .concat [ 3 1 0 0], o0x7f175dad73a8, L_0x7f175da850f0;
L_0x564ef34ad550 .cmp/gt 4, L_0x564ef34ad3e0, L_0x7f175da850a8;
L_0x564ef34ad8e0 .concat [ 3 1 0 0], o0x7f175dad73a8, L_0x7f175da85180;
L_0x564ef34ada00 .cmp/gt 4, L_0x564ef34ad8e0, L_0x7f175da85138;
L_0x564ef34adb80 .concat [ 3 1 0 0], o0x7f175dad73a8, L_0x7f175da85210;
L_0x564ef34adcb0 .cmp/gt 4, L_0x564ef34adb80, L_0x7f175da851c8;
S_0x564ef3366e80 .scope module, "alu_instance" "alu" 2 136, 6 5 0, S_0x564ef345eb60;
 .timescale -9 -9;
    .port_info 0 /INPUT 1 "clk"
    .port_info 1 /INPUT 1 "reset"
    .port_info 2 /INPUT 1 "enable"
    .port_info 3 /INPUT 3 "core_state"
    .port_info 4 /INPUT 2 "decoded_alu_arithmetic_mux"
    .port_info 5 /INPUT 1 "decoded_alu_output_mux"
    .port_info 6 /INPUT 8 "rs"
    .port_info 7 /INPUT 8 "rt"
    .port_info 8 /OUTPUT 8 "alu_out"
P_0x564ef3367050 .param/l "ADD" 1 6 18, C4<00>;
P_0x564ef3367090 .param/l "DIV" 1 6 18, C4<11>;
P_0x564ef33670d0 .param/l "MUL" 1 6 18, C4<10>;
P_0x564ef3367110 .param/l "SUB" 1 6 18, C4<01>;
L_0x564ef3377e70 .functor BUFZ 8, v0x564ef333efb0_0, C4<00000000>, C4<00000000>, C4<00000000>;
v0x564ef333eed0_0 .net "alu_out", 7 0, L_0x564ef3377e70;  alias, 1 drivers
v0x564ef333efb0_0 .var "alu_out_reg", 7 0;
v0x564ef3350810_0 .net "clk", 0 0, o0x7f175dace018;  alias, 0 drivers
v0x564ef33508b0_0 .net "core_state", 2 0, v0x564ef333b470_0;  alias, 1 drivers
v0x564ef3350950_0 .net "decoded_alu_arithmetic_mux", 1 0, v0x564ef3361110_0;  alias, 1 drivers
v0x564ef3350a10_0 .net "decoded_alu_output_mux", 0 0, v0x564ef3326060_0;  alias, 1 drivers
v0x564ef3350ae0_0 .net "enable", 0 0, L_0x564ef34ad2a0;  1 drivers
v0x564ef3350b80_0 .net "reset", 0 0, o0x7f175dace378;  alias, 0 drivers
v0x564ef3357800_0 .net "rs", 7 0, v0x564ef3481020_0;  alias, 1 drivers
v0x564ef3357950_0 .net "rt", 7 0, v0x564ef34810e0_0;  alias, 1 drivers
S_0x564ef3370c30 .scope module, "lsu_instance" "lsu" 2 141, 7 5 0, S_0x564ef345eb60;
 .timescale -9 -9;
    .port_info 0 /INPUT 1 "clk"
    .port_info 1 /INPUT 1 "reset"
    .port_info 2 /INPUT 1 "enable"
    .port_info 3 /INPUT 3 "core_state"
    .port_info 4 /INPUT 1 "decoded_mem_read_enable"
    .port_info 5 /INPUT 1 "decoded_mem_write_enable"
    .port_info 6 /INPUT 8 "rs"
    .port_info 7 /INPUT 8 "rt"
    .port_info 8 /OUTPUT 1 "mem_read_valid"
    .port_info 9 /OUTPUT 8 "mem_read_address"
    .port_info 10 /INPUT 1 "mem_read_ready"
    .port_info 11 /INPUT 8 "mem_read_data"
    .port_info 12 /OUTPUT 1 "mem_write_valid"
    .port_info 13 /OUTPUT 8 "mem_write_address"
    .port_info 14 /OUTPUT 8 "mem_write_data"
    .port_info 15 /INPUT 1 "mem_write_ready"
    .port_info 16 /OUTPUT 2 "lsu_state"
    .port_info 17 /OUTPUT 8 "lsu_out"
P_0x564ef3370dd0 .param/l "DONE" 1 7 29, C4<11>;
P_0x564ef3370e10 .param/l "IDLE" 1 7 29, C4<00>;
P_0x564ef3370e50 .param/l "REQUESTING" 1 7 29, C4<01>;
P_0x564ef3370e90 .param/l "WAITING" 1 7 29, C4<10>;
v0x564ef3377900_0 .net "clk", 0 0, o0x7f175dace018;  alias, 0 drivers
v0x564ef3377a30_0 .net "core_state", 2 0, v0x564ef333b470_0;  alias, 1 drivers
v0x564ef3331250_0 .net "decoded_mem_read_enable", 0 0, v0x564ef33e5f70_0;  alias, 1 drivers
v0x564ef3331320_0 .net "decoded_mem_write_enable", 0 0, v0x564ef33e6030_0;  alias, 1 drivers
v0x564ef33313c0_0 .net "enable", 0 0, L_0x564ef34ad550;  1 drivers
v0x564ef33314b0_0 .var "lsu_out", 7 0;
v0x564ef347e2c0_0 .var "lsu_state", 1 0;
v0x564ef347e360_0 .var "mem_read_address", 7 0;
v0x564ef347e400_0 .net "mem_read_data", 7 0, L_0x564ef34ba290;  alias, 1 drivers
v0x564ef347e4a0_0 .net "mem_read_ready", 0 0, L_0x564ef34ad6c0;  1 drivers
v0x564ef347e540_0 .var "mem_read_valid", 0 0;
v0x564ef347e5e0_0 .var "mem_write_address", 7 0;
v0x564ef347e680_0 .var "mem_write_data", 7 0;
v0x564ef347e740_0 .net "mem_write_ready", 0 0, L_0x564ef34ad760;  1 drivers
v0x564ef347e800_0 .var "mem_write_valid", 0 0;
v0x564ef347e8c0_0 .net "reset", 0 0, o0x7f175dace378;  alias, 0 drivers
v0x564ef347e9f0_0 .net "rs", 7 0, v0x564ef3481020_0;  alias, 1 drivers
v0x564ef347ebc0_0 .net "rt", 7 0, v0x564ef34810e0_0;  alias, 1 drivers
S_0x564ef347ef20 .scope module, "pc_instance" "pc" 2 156, 8 5 0, S_0x564ef345eb60;
 .timescale -9 -9;
    .port_info 0 /INPUT 1 "clk"
    .port_info 1 /INPUT 1 "reset"
    .port_info 2 /INPUT 1 "enable"
    .port_info 3 /INPUT 3 "core_state"
    .port_info 4 /INPUT 3 "decoded_nzp"
    .port_info 5 /INPUT 8 "decoded_immediate"
    .port_info 6 /INPUT 1 "decoded_nzp_write_enable"
    .port_info 7 /INPUT 1 "decoded_pc_mux"
    .port_info 8 /INPUT 8 "alu_out"
    .port_info 9 /INPUT 8 "current_pc"
    .port_info 10 /OUTPUT 8 "next_pc"
P_0x564ef3331570 .param/l "DATA_MEM_DATA_BITS" 0 8 6, +C4<00000000000000000000000000001000>;
P_0x564ef33315b0 .param/l "PROGRAM_MEM_ADDR_BITS" 0 8 7, +C4<00000000000000000000000000001000>;
v0x564ef33776a0_0 .net "alu_out", 7 0, L_0x564ef3377e70;  alias, 1 drivers
v0x564ef347f390_0 .net "clk", 0 0, o0x7f175dace018;  alias, 0 drivers
v0x564ef347f430_0 .net "core_state", 2 0, v0x564ef333b470_0;  alias, 1 drivers
v0x564ef347f500_0 .net "current_pc", 7 0, v0x564ef3321f80_0;  alias, 1 drivers
v0x564ef347f5a0_0 .net "decoded_immediate", 7 0, v0x564ef337d2b0_0;  alias, 1 drivers
v0x564ef347f6b0_0 .net "decoded_nzp", 2 0, v0x564ef3418060_0;  alias, 1 drivers
v0x564ef347f750_0 .net "decoded_nzp_write_enable", 0 0, v0x564ef3418140_0;  alias, 1 drivers
v0x564ef347f820_0 .net "decoded_pc_mux", 0 0, v0x564ef3405c60_0;  alias, 1 drivers
v0x564ef347f8f0_0 .net "enable", 0 0, L_0x564ef34adcb0;  1 drivers
v0x564ef347f990_0 .var "next_pc", 7 0;
v0x564ef347fa30_0 .var "nzp", 2 0;
v0x564ef347fb10_0 .net "reset", 0 0, o0x7f175dace378;  alias, 0 drivers
S_0x564ef347fd10 .scope module, "register_instance" "registers" 2 149, 9 5 0, S_0x564ef345eb60;
 .timescale -9 -9;
    .port_info 0 /INPUT 1 "clk"
    .port_info 1 /INPUT 1 "reset"
    .port_info 2 /INPUT 1 "enable"
    .port_info 3 /INPUT 8 "block_id"
    .port_info 4 /INPUT 3 "core_state"
    .port_info 5 /INPUT 4 "decoded_rd_address"
    .port_info 6 /INPUT 4 "decoded_rs_address"
    .port_info 7 /INPUT 4 "decoded_rt_address"
    .port_info 8 /INPUT 1 "decoded_reg_write_enable"
    .port_info 9 /INPUT 2 "decoded_reg_input_mux"
    .port_info 10 /INPUT 8 "decoded_immediate"
    .port_info 11 /INPUT 8 "alu_out"
    .port_info 12 /INPUT 8 "lsu_out"
    .port_info 13 /OUTPUT 8 "rs"
    .port_info 14 /OUTPUT 8 "rt"
P_0x564ef347fe90 .param/l "ARITHMETIC" 1 9 29, C4<00>;
P_0x564ef347fed0 .param/l "CONSTANT" 1 9 31, C4<10>;
P_0x564ef347ff10 .param/l "DATA_BITS" 0 9 8, +C4<00000000000000000000000000001000>;
P_0x564ef347ff50 .param/l "MEMORY" 1 9 30, C4<01>;
P_0x564ef347ff90 .param/l "THREADS_PER_BLOCK" 0 9 6, +C4<00000000000000000000000000000100>;
P_0x564ef347ffd0 .param/l "THREAD_ID" 0 9 7, +C4<00000000000000000000000000000000>;
v0x564ef3480510_0 .net "alu_out", 7 0, L_0x564ef3377e70;  alias, 1 drivers
v0x564ef3480620_0 .net "block_id", 7 0, o0x7f175dacfa88;  alias, 0 drivers
v0x564ef3480700_0 .net "clk", 0 0, o0x7f175dace018;  alias, 0 drivers
v0x564ef34807a0_0 .net "core_state", 2 0, v0x564ef333b470_0;  alias, 1 drivers
v0x564ef3480840_0 .net "decoded_immediate", 7 0, v0x564ef337d2b0_0;  alias, 1 drivers
v0x564ef34809a0_0 .net "decoded_rd_address", 3 0, v0x564ef3405d00_0;  alias, 1 drivers
v0x564ef3480a60_0 .net "decoded_reg_input_mux", 1 0, v0x564ef33f3880_0;  alias, 1 drivers
v0x564ef3480b00_0 .net "decoded_reg_write_enable", 0 0, v0x564ef33f3960_0;  alias, 1 drivers
v0x564ef3480bd0_0 .net "decoded_rs_address", 3 0, v0x564ef33e0dd0_0;  alias, 1 drivers
v0x564ef3480ca0_0 .net "decoded_rt_address", 3 0, v0x564ef3473700_0;  alias, 1 drivers
v0x564ef3480d70_0 .net "enable", 0 0, L_0x564ef34ada00;  1 drivers
v0x564ef3480e10_0 .net "lsu_out", 7 0, v0x564ef33314b0_0;  alias, 1 drivers
v0x564ef3480ee0 .array "registers", 0 15, 7 0;
v0x564ef3480f80_0 .net "reset", 0 0, o0x7f175dace378;  alias, 0 drivers
v0x564ef3481020_0 .var "rs", 7 0;
v0x564ef34810e0_0 .var "rt", 7 0;
S_0x564ef3481fb0 .scope generate, "threads[1]" "threads[1]" 2 135, 2 135 0, S_0x564ef346afb0;
 .timescale -9 -9;
P_0x564ef3482150 .param/l "i" 0 2 135, +C4<01>;
L_0x7f175da85258 .functor BUFT 1, C4<0001>, C4<0>, C4<0>, C4<0>;
v0x564ef3487360_0 .net/2u *"_s0", 3 0, L_0x7f175da85258;  1 drivers
L_0x7f175da852e8 .functor BUFT 1, C4<0001>, C4<0>, C4<0>, C4<0>;
v0x564ef3487460_0 .net/2u *"_s11", 3 0, L_0x7f175da852e8;  1 drivers
v0x564ef3487540_0 .net *"_s13", 3 0, L_0x564ef34ae150;  1 drivers
L_0x7f175da85330 .functor BUFT 1, C4<0>, C4<0>, C4<0>, C4<0>;
v0x564ef3487600_0 .net *"_s16", 0 0, L_0x7f175da85330;  1 drivers
v0x564ef34876e0_0 .net *"_s2", 3 0, L_0x564ef34adf60;  1 drivers
L_0x7f175da85378 .functor BUFT 1, C4<0001>, C4<0>, C4<0>, C4<0>;
v0x564ef3487810_0 .net/2u *"_s29", 3 0, L_0x7f175da85378;  1 drivers
v0x564ef34878f0_0 .net *"_s31", 3 0, L_0x564ef34ae5f0;  1 drivers
L_0x7f175da853c0 .functor BUFT 1, C4<0>, C4<0>, C4<0>, C4<0>;
v0x564ef34879d0_0 .net *"_s34", 0 0, L_0x7f175da853c0;  1 drivers
L_0x7f175da85408 .functor BUFT 1, C4<0001>, C4<0>, C4<0>, C4<0>;
v0x564ef3487ab0_0 .net/2u *"_s41", 3 0, L_0x7f175da85408;  1 drivers
v0x564ef3487c20_0 .net *"_s43", 3 0, L_0x564ef34ae890;  1 drivers
L_0x7f175da85450 .functor BUFT 1, C4<0>, C4<0>, C4<0>, C4<0>;
v0x564ef3487d00_0 .net *"_s46", 0 0, L_0x7f175da85450;  1 drivers
L_0x7f175da852a0 .functor BUFT 1, C4<0>, C4<0>, C4<0>, C4<0>;
v0x564ef3487de0_0 .net *"_s5", 0 0, L_0x7f175da852a0;  1 drivers
L_0x564ef34adf60 .concat [ 3 1 0 0], o0x7f175dad73a8, L_0x7f175da852a0;
L_0x564ef34ae060 .cmp/gt 4, L_0x564ef34adf60, L_0x7f175da85258;
L_0x564ef34ae150 .concat [ 3 1 0 0], o0x7f175dad73a8, L_0x7f175da85330;
L_0x564ef34ae270 .cmp/gt 4, L_0x564ef34ae150, L_0x7f175da852e8;
L_0x564ef34ae5f0 .concat [ 3 1 0 0], o0x7f175dad73a8, L_0x7f175da853c0;
L_0x564ef34ae710 .cmp/gt 4, L_0x564ef34ae5f0, L_0x7f175da85378;
L_0x564ef34ae890 .concat [ 3 1 0 0], o0x7f175dad73a8, L_0x7f175da85450;
L_0x564ef34ae980 .cmp/gt 4, L_0x564ef34ae890, L_0x7f175da85408;
S_0x564ef3482230 .scope module, "alu_instance" "alu" 2 136, 6 5 0, S_0x564ef3481fb0;
 .timescale -9 -9;
    .port_info 0 /INPUT 1 "clk"
    .port_info 1 /INPUT 1 "reset"
    .port_info 2 /INPUT 1 "enable"
    .port_info 3 /INPUT 3 "core_state"
    .port_info 4 /INPUT 2 "decoded_alu_arithmetic_mux"
    .port_info 5 /INPUT 1 "decoded_alu_output_mux"
    .port_info 6 /INPUT 8 "rs"
    .port_info 7 /INPUT 8 "rt"
    .port_info 8 /OUTPUT 8 "alu_out"
P_0x564ef3482400 .param/l "ADD" 1 6 18, C4<00>;
P_0x564ef3482440 .param/l "DIV" 1 6 18, C4<11>;
P_0x564ef3482480 .param/l "MUL" 1 6 18, C4<10>;
P_0x564ef34824c0 .param/l "SUB" 1 6 18, C4<01>;
L_0x564ef3377fa0 .functor BUFZ 8, v0x564ef3482900_0, C4<00000000>, C4<00000000>, C4<00000000>;
v0x564ef3482820_0 .net "alu_out", 7 0, L_0x564ef3377fa0;  alias, 1 drivers
v0x564ef3482900_0 .var "alu_out_reg", 7 0;
v0x564ef34829e0_0 .net "clk", 0 0, o0x7f175dace018;  alias, 0 drivers
v0x564ef3482a80_0 .net "core_state", 2 0, v0x564ef333b470_0;  alias, 1 drivers
v0x564ef3482b20_0 .net "decoded_alu_arithmetic_mux", 1 0, v0x564ef3361110_0;  alias, 1 drivers
v0x564ef3482c80_0 .net "decoded_alu_output_mux", 0 0, v0x564ef3326060_0;  alias, 1 drivers
v0x564ef3482d70_0 .net "enable", 0 0, L_0x564ef34ae060;  1 drivers
v0x564ef3482e30_0 .net "reset", 0 0, o0x7f175dace378;  alias, 0 drivers
v0x564ef3482ed0_0 .net "rs", 7 0, v0x564ef3486ee0_0;  alias, 1 drivers
v0x564ef3483040_0 .net "rt", 7 0, v0x564ef3486ff0_0;  alias, 1 drivers
S_0x564ef3483240 .scope module, "lsu_instance" "lsu" 2 141, 7 5 0, S_0x564ef3481fb0;
 .timescale -9 -9;
    .port_info 0 /INPUT 1 "clk"
    .port_info 1 /INPUT 1 "reset"
    .port_info 2 /INPUT 1 "enable"
    .port_info 3 /INPUT 3 "core_state"
    .port_info 4 /INPUT 1 "decoded_mem_read_enable"
    .port_info 5 /INPUT 1 "decoded_mem_write_enable"
    .port_info 6 /INPUT 8 "rs"
    .port_info 7 /INPUT 8 "rt"
    .port_info 8 /OUTPUT 1 "mem_read_valid"
    .port_info 9 /OUTPUT 8 "mem_read_address"
    .port_info 10 /INPUT 1 "mem_read_ready"
    .port_info 11 /INPUT 8 "mem_read_data"
    .port_info 12 /OUTPUT 1 "mem_write_valid"
    .port_info 13 /OUTPUT 8 "mem_write_address"
    .port_info 14 /OUTPUT 8 "mem_write_data"
    .port_info 15 /INPUT 1 "mem_write_ready"
    .port_info 16 /OUTPUT 2 "lsu_state"
    .port_info 17 /OUTPUT 8 "lsu_out"
P_0x564ef34833e0 .param/l "DONE" 1 7 29, C4<11>;
P_0x564ef3483420 .param/l "IDLE" 1 7 29, C4<00>;
P_0x564ef3483460 .param/l "REQUESTING" 1 7 29, C4<01>;
P_0x564ef34834a0 .param/l "WAITING" 1 7 29, C4<10>;
v0x564ef3483910_0 .net "clk", 0 0, o0x7f175dace018;  alias, 0 drivers
v0x564ef3483ac0_0 .net "core_state", 2 0, v0x564ef333b470_0;  alias, 1 drivers
v0x564ef3483c90_0 .net "decoded_mem_read_enable", 0 0, v0x564ef33e5f70_0;  alias, 1 drivers
v0x564ef3483d30_0 .net "decoded_mem_write_enable", 0 0, v0x564ef33e6030_0;  alias, 1 drivers
v0x564ef3483dd0_0 .net "enable", 0 0, L_0x564ef34ae270;  1 drivers
v0x564ef3483ec0_0 .var "lsu_out", 7 0;
v0x564ef3483fa0_0 .var "lsu_state", 1 0;
v0x564ef3484080_0 .var "mem_read_address", 7 0;
v0x564ef3484160_0 .net "mem_read_data", 7 0, L_0x564ef3359ac0;  alias, 1 drivers
v0x564ef3484240_0 .net "mem_read_ready", 0 0, L_0x564ef34ae3e0;  1 drivers
v0x564ef3484300_0 .var "mem_read_valid", 0 0;
v0x564ef34843c0_0 .var "mem_write_address", 7 0;
v0x564ef34844a0_0 .var "mem_write_data", 7 0;
v0x564ef3484580_0 .net "mem_write_ready", 0 0, L_0x564ef34ae4d0;  1 drivers
v0x564ef3484640_0 .var "mem_write_valid", 0 0;
v0x564ef3484700_0 .net "reset", 0 0, o0x7f175dace378;  alias, 0 drivers
v0x564ef34848b0_0 .net "rs", 7 0, v0x564ef3486ee0_0;  alias, 1 drivers
v0x564ef3484a80_0 .net "rt", 7 0, v0x564ef3486ff0_0;  alias, 1 drivers
S_0x564ef3484de0 .scope module, "pc_instance" "pc" 2 156, 8 5 0, S_0x564ef3481fb0;
 .timescale -9 -9;
    .port_info 0 /INPUT 1 "clk"
    .port_info 1 /INPUT 1 "reset"
    .port_info 2 /INPUT 1 "enable"
    .port_info 3 /INPUT 3 "core_state"
    .port_info 4 /INPUT 3 "decoded_nzp"
    .port_info 5 /INPUT 8 "decoded_immediate"
    .port_info 6 /INPUT 1 "decoded_nzp_write_enable"
    .port_info 7 /INPUT 1 "decoded_pc_mux"
    .port_info 8 /INPUT 8 "alu_out"
    .port_info 9 /INPUT 8 "current_pc"
    .port_info 10 /OUTPUT 8 "next_pc"
P_0x564ef33311c0 .param/l "DATA_MEM_DATA_BITS" 0 8 6, +C4<00000000000000000000000000001000>;
P_0x564ef3331200 .param/l "PROGRAM_MEM_ADDR_BITS" 0 8 7, +C4<00000000000000000000000000001000>;
v0x564ef34836b0_0 .net "alu_out", 7 0, L_0x564ef3377fa0;  alias, 1 drivers
v0x564ef3485190_0 .net "clk", 0 0, o0x7f175dace018;  alias, 0 drivers
v0x564ef3485230_0 .net "core_state", 2 0, v0x564ef333b470_0;  alias, 1 drivers
v0x564ef3485300_0 .net "current_pc", 7 0, v0x564ef3321f80_0;  alias, 1 drivers
v0x564ef34853a0_0 .net "decoded_immediate", 7 0, v0x564ef337d2b0_0;  alias, 1 drivers
v0x564ef34854b0_0 .net "decoded_nzp", 2 0, v0x564ef3418060_0;  alias, 1 drivers
v0x564ef34855c0_0 .net "decoded_nzp_write_enable", 0 0, v0x564ef3418140_0;  alias, 1 drivers
v0x564ef34856b0_0 .net "decoded_pc_mux", 0 0, v0x564ef3405c60_0;  alias, 1 drivers
v0x564ef34857a0_0 .net "enable", 0 0, L_0x564ef34ae980;  1 drivers
v0x564ef3485860_0 .var "next_pc", 7 0;
v0x564ef3485940_0 .var "nzp", 2 0;
v0x564ef3485a20_0 .net "reset", 0 0, o0x7f175dace378;  alias, 0 drivers
S_0x564ef3485c20 .scope module, "register_instance" "registers" 2 149, 9 5 0, S_0x564ef3481fb0;
 .timescale -9 -9;
    .port_info 0 /INPUT 1 "clk"
    .port_info 1 /INPUT 1 "reset"
    .port_info 2 /INPUT 1 "enable"
    .port_info 3 /INPUT 8 "block_id"
    .port_info 4 /INPUT 3 "core_state"
    .port_info 5 /INPUT 4 "decoded_rd_address"
    .port_info 6 /INPUT 4 "decoded_rs_address"
    .port_info 7 /INPUT 4 "decoded_rt_address"
    .port_info 8 /INPUT 1 "decoded_reg_write_enable"
    .port_info 9 /INPUT 2 "decoded_reg_input_mux"
    .port_info 10 /INPUT 8 "decoded_immediate"
    .port_info 11 /INPUT 8 "alu_out"
    .port_info 12 /INPUT 8 "lsu_out"
    .port_info 13 /OUTPUT 8 "rs"
    .port_info 14 /OUTPUT 8 "rt"
P_0x564ef3485da0 .param/l "ARITHMETIC" 1 9 29, C4<00>;
P_0x564ef3485de0 .param/l "CONSTANT" 1 9 31, C4<10>;
P_0x564ef3485e20 .param/l "DATA_BITS" 0 9 8, +C4<00000000000000000000000000001000>;
P_0x564ef3485e60 .param/l "MEMORY" 1 9 30, C4<01>;
P_0x564ef3485ea0 .param/l "THREADS_PER_BLOCK" 0 9 6, +C4<00000000000000000000000000000100>;
P_0x564ef3485ee0 .param/l "THREAD_ID" 0 9 7, +C4<00000000000000000000000000000001>;
v0x564ef3486300_0 .net "alu_out", 7 0, L_0x564ef3377fa0;  alias, 1 drivers
v0x564ef3486410_0 .net "block_id", 7 0, o0x7f175dacfa88;  alias, 0 drivers
v0x564ef34864d0_0 .net "clk", 0 0, o0x7f175dace018;  alias, 0 drivers
v0x564ef3486570_0 .net "core_state", 2 0, v0x564ef333b470_0;  alias, 1 drivers
v0x564ef3486610_0 .net "decoded_immediate", 7 0, v0x564ef337d2b0_0;  alias, 1 drivers
v0x564ef3486700_0 .net "decoded_rd_address", 3 0, v0x564ef3405d00_0;  alias, 1 drivers
v0x564ef34867c0_0 .net "decoded_reg_input_mux", 1 0, v0x564ef33f3880_0;  alias, 1 drivers
v0x564ef34868d0_0 .net "decoded_reg_write_enable", 0 0, v0x564ef33f3960_0;  alias, 1 drivers
v0x564ef34869c0_0 .net "decoded_rs_address", 3 0, v0x564ef33e0dd0_0;  alias, 1 drivers
v0x564ef3486b10_0 .net "decoded_rt_address", 3 0, v0x564ef3473700_0;  alias, 1 drivers
v0x564ef3486c20_0 .net "enable", 0 0, L_0x564ef34ae710;  1 drivers
v0x564ef3486ce0_0 .net "lsu_out", 7 0, v0x564ef3483ec0_0;  alias, 1 drivers
v0x564ef3486da0 .array "registers", 0 15, 7 0;
v0x564ef3486e40_0 .net "reset", 0 0, o0x7f175dace378;  alias, 0 drivers
v0x564ef3486ee0_0 .var "rs", 7 0;
v0x564ef3486ff0_0 .var "rt", 7 0;
S_0x564ef3487ec0 .scope generate, "threads[2]" "threads[2]" 2 135, 2 135 0, S_0x564ef346afb0;
 .timescale -9 -9;
P_0x564ef344e130 .param/l "i" 0 2 135, +C4<010>;
L_0x7f175da85498 .functor BUFT 1, C4<0010>, C4<0>, C4<0>, C4<0>;
v0x564ef348ced0_0 .net/2u *"_s0", 3 0, L_0x7f175da85498;  1 drivers
L_0x7f175da85528 .functor BUFT 1, C4<0010>, C4<0>, C4<0>, C4<0>;
v0x564ef348cfd0_0 .net/2u *"_s11", 3 0, L_0x7f175da85528;  1 drivers
v0x564ef348d0b0_0 .net *"_s13", 3 0, L_0x564ef34aee60;  1 drivers
L_0x7f175da85570 .functor BUFT 1, C4<0>, C4<0>, C4<0>, C4<0>;
v0x564ef348d170_0 .net *"_s16", 0 0, L_0x7f175da85570;  1 drivers
v0x564ef348d250_0 .net *"_s2", 3 0, L_0x564ef34aec20;  1 drivers
L_0x7f175da855b8 .functor BUFT 1, C4<0010>, C4<0>, C4<0>, C4<0>;
v0x564ef348d380_0 .net/2u *"_s29", 3 0, L_0x7f175da855b8;  1 drivers
v0x564ef348d460_0 .net *"_s31", 3 0, L_0x564ef34af270;  1 drivers
L_0x7f175da85600 .functor BUFT 1, C4<0>, C4<0>, C4<0>, C4<0>;
v0x564ef348d540_0 .net *"_s34", 0 0, L_0x7f175da85600;  1 drivers
L_0x7f175da85648 .functor BUFT 1, C4<0010>, C4<0>, C4<0>, C4<0>;
v0x564ef348d620_0 .net/2u *"_s41", 3 0, L_0x7f175da85648;  1 drivers
v0x564ef348d790_0 .net *"_s43", 3 0, L_0x564ef34af540;  1 drivers
L_0x7f175da85690 .functor BUFT 1, C4<0>, C4<0>, C4<0>, C4<0>;
v0x564ef348d870_0 .net *"_s46", 0 0, L_0x7f175da85690;  1 drivers
L_0x7f175da854e0 .functor BUFT 1, C4<0>, C4<0>, C4<0>, C4<0>;
v0x564ef348d950_0 .net *"_s5", 0 0, L_0x7f175da854e0;  1 drivers
L_0x564ef34aec20 .concat [ 3 1 0 0], o0x7f175dad73a8, L_0x7f175da854e0;
L_0x564ef34aed20 .cmp/gt 4, L_0x564ef34aec20, L_0x7f175da85498;
L_0x564ef34aee60 .concat [ 3 1 0 0], o0x7f175dad73a8, L_0x7f175da85570;
L_0x564ef34aef80 .cmp/gt 4, L_0x564ef34aee60, L_0x7f175da85528;
L_0x564ef34af270 .concat [ 3 1 0 0], o0x7f175dad73a8, L_0x7f175da85600;
L_0x564ef34af3c0 .cmp/gt 4, L_0x564ef34af270, L_0x7f175da855b8;
L_0x564ef34af540 .concat [ 3 1 0 0], o0x7f175dad73a8, L_0x7f175da85690;
L_0x564ef34af630 .cmp/gt 4, L_0x564ef34af540, L_0x7f175da85648;
S_0x564ef3488180 .scope module, "alu_instance" "alu" 2 136, 6 5 0, S_0x564ef3487ec0;
 .timescale -9 -9;
    .port_info 0 /INPUT 1 "clk"
    .port_info 1 /INPUT 1 "reset"
    .port_info 2 /INPUT 1 "enable"
    .port_info 3 /INPUT 3 "core_state"
    .port_info 4 /INPUT 2 "decoded_alu_arithmetic_mux"
    .port_info 5 /INPUT 1 "decoded_alu_output_mux"
    .port_info 6 /INPUT 8 "rs"
    .port_info 7 /INPUT 8 "rt"
    .port_info 8 /OUTPUT 8 "alu_out"
P_0x564ef3488350 .param/l "ADD" 1 6 18, C4<00>;
P_0x564ef3488390 .param/l "DIV" 1 6 18, C4<11>;
P_0x564ef34883d0 .param/l "MUL" 1 6 18, C4<10>;
P_0x564ef3488410 .param/l "SUB" 1 6 18, C4<01>;
L_0x564ef33599d0 .functor BUFZ 8, v0x564ef3488850_0, C4<00000000>, C4<00000000>, C4<00000000>;
v0x564ef3488770_0 .net "alu_out", 7 0, L_0x564ef33599d0;  alias, 1 drivers
v0x564ef3488850_0 .var "alu_out_reg", 7 0;
v0x564ef3488930_0 .net "clk", 0 0, o0x7f175dace018;  alias, 0 drivers
v0x564ef34889d0_0 .net "core_state", 2 0, v0x564ef333b470_0;  alias, 1 drivers
v0x564ef3488a70_0 .net "decoded_alu_arithmetic_mux", 1 0, v0x564ef3361110_0;  alias, 1 drivers
v0x564ef3488b80_0 .net "decoded_alu_output_mux", 0 0, v0x564ef3326060_0;  alias, 1 drivers
v0x564ef3488c20_0 .net "enable", 0 0, L_0x564ef34aed20;  1 drivers
v0x564ef3488ce0_0 .net "reset", 0 0, o0x7f175dace378;  alias, 0 drivers
v0x564ef3488d80_0 .net "rs", 7 0, v0x564ef348caa0_0;  alias, 1 drivers
v0x564ef3488ef0_0 .net "rt", 7 0, v0x564ef348cb60_0;  alias, 1 drivers
S_0x564ef34890f0 .scope module, "lsu_instance" "lsu" 2 141, 7 5 0, S_0x564ef3487ec0;
 .timescale -9 -9;
    .port_info 0 /INPUT 1 "clk"
    .port_info 1 /INPUT 1 "reset"
    .port_info 2 /INPUT 1 "enable"
    .port_info 3 /INPUT 3 "core_state"
    .port_info 4 /INPUT 1 "decoded_mem_read_enable"
    .port_info 5 /INPUT 1 "decoded_mem_write_enable"
    .port_info 6 /INPUT 8 "rs"
    .port_info 7 /INPUT 8 "rt"
    .port_info 8 /OUTPUT 1 "mem_read_valid"
    .port_info 9 /OUTPUT 8 "mem_read_address"
    .port_info 10 /INPUT 1 "mem_read_ready"
    .port_info 11 /INPUT 8 "mem_read_data"
    .port_info 12 /OUTPUT 1 "mem_write_valid"
    .port_info 13 /OUTPUT 8 "mem_write_address"
    .port_info 14 /OUTPUT 8 "mem_write_data"
    .port_info 15 /INPUT 1 "mem_write_ready"
    .port_info 16 /OUTPUT 2 "lsu_state"
    .port_info 17 /OUTPUT 8 "lsu_out"
P_0x564ef3489290 .param/l "DONE" 1 7 29, C4<11>;
P_0x564ef34892d0 .param/l "IDLE" 1 7 29, C4<00>;
P_0x564ef3489310 .param/l "REQUESTING" 1 7 29, C4<01>;
P_0x564ef3489350 .param/l "WAITING" 1 7 29, C4<10>;
v0x564ef34897c0_0 .net "clk", 0 0, o0x7f175dace018;  alias, 0 drivers
v0x564ef3489860_0 .net "core_state", 2 0, v0x564ef333b470_0;  alias, 1 drivers
v0x564ef3489920_0 .net "decoded_mem_read_enable", 0 0, v0x564ef33e5f70_0;  alias, 1 drivers
v0x564ef3489a50_0 .net "decoded_mem_write_enable", 0 0, v0x564ef33e6030_0;  alias, 1 drivers
v0x564ef3489b80_0 .net "enable", 0 0, L_0x564ef34aef80;  1 drivers
v0x564ef3489c20_0 .var "lsu_out", 7 0;
v0x564ef3489d00_0 .var "lsu_state", 1 0;
v0x564ef3489de0_0 .var "mem_read_address", 7 0;
v0x564ef3489ec0_0 .net "mem_read_data", 7 0, L_0x564ef34b0950;  alias, 1 drivers
v0x564ef348a030_0 .net "mem_read_ready", 0 0, L_0x564ef34af0f0;  1 drivers
v0x564ef348a0f0_0 .var "mem_read_valid", 0 0;
v0x564ef348a1b0_0 .var "mem_write_address", 7 0;
v0x564ef348a290_0 .var "mem_write_data", 7 0;
v0x564ef348a370_0 .net "mem_write_ready", 0 0, L_0x564ef34af190;  1 drivers
v0x564ef348a430_0 .var "mem_write_valid", 0 0;
v0x564ef348a4f0_0 .net "reset", 0 0, o0x7f175dace378;  alias, 0 drivers
v0x564ef348a590_0 .net "rs", 7 0, v0x564ef348caa0_0;  alias, 1 drivers
v0x564ef348a760_0 .net "rt", 7 0, v0x564ef348cb60_0;  alias, 1 drivers
S_0x564ef348aac0 .scope module, "pc_instance" "pc" 2 156, 8 5 0, S_0x564ef3487ec0;
 .timescale -9 -9;
    .port_info 0 /INPUT 1 "clk"
    .port_info 1 /INPUT 1 "reset"
    .port_info 2 /INPUT 1 "enable"
    .port_info 3 /INPUT 3 "core_state"
    .port_info 4 /INPUT 3 "decoded_nzp"
    .port_info 5 /INPUT 8 "decoded_immediate"
    .port_info 6 /INPUT 1 "decoded_nzp_write_enable"
    .port_info 7 /INPUT 1 "decoded_pc_mux"
    .port_info 8 /INPUT 8 "alu_out"
    .port_info 9 /INPUT 8 "current_pc"
    .port_info 10 /OUTPUT 8 "next_pc"
P_0x564ef3489f60 .param/l "DATA_MEM_DATA_BITS" 0 8 6, +C4<00000000000000000000000000001000>;
P_0x564ef3489fa0 .param/l "PROGRAM_MEM_ADDR_BITS" 0 8 7, +C4<00000000000000000000000000001000>;
v0x564ef3489560_0 .net "alu_out", 7 0, L_0x564ef33599d0;  alias, 1 drivers
v0x564ef348aea0_0 .net "clk", 0 0, o0x7f175dace018;  alias, 0 drivers
v0x564ef348af40_0 .net "core_state", 2 0, v0x564ef333b470_0;  alias, 1 drivers
v0x564ef348afe0_0 .net "current_pc", 7 0, v0x564ef3321f80_0;  alias, 1 drivers
v0x564ef348b080_0 .net "decoded_immediate", 7 0, v0x564ef337d2b0_0;  alias, 1 drivers
v0x564ef348b140_0 .net "decoded_nzp", 2 0, v0x564ef3418060_0;  alias, 1 drivers
v0x564ef348b200_0 .net "decoded_nzp_write_enable", 0 0, v0x564ef3418140_0;  alias, 1 drivers
v0x564ef348b2a0_0 .net "decoded_pc_mux", 0 0, v0x564ef3405c60_0;  alias, 1 drivers
v0x564ef348b340_0 .net "enable", 0 0, L_0x564ef34af630;  1 drivers
v0x564ef348b490_0 .var "next_pc", 7 0;
v0x564ef348b570_0 .var "nzp", 2 0;
v0x564ef348b650_0 .net "reset", 0 0, o0x7f175dace378;  alias, 0 drivers
S_0x564ef348b850 .scope module, "register_instance" "registers" 2 149, 9 5 0, S_0x564ef3487ec0;
 .timescale -9 -9;
    .port_info 0 /INPUT 1 "clk"
    .port_info 1 /INPUT 1 "reset"
    .port_info 2 /INPUT 1 "enable"
    .port_info 3 /INPUT 8 "block_id"
    .port_info 4 /INPUT 3 "core_state"
    .port_info 5 /INPUT 4 "decoded_rd_address"
    .port_info 6 /INPUT 4 "decoded_rs_address"
    .port_info 7 /INPUT 4 "decoded_rt_address"
    .port_info 8 /INPUT 1 "decoded_reg_write_enable"
    .port_info 9 /INPUT 2 "decoded_reg_input_mux"
    .port_info 10 /INPUT 8 "decoded_immediate"
    .port_info 11 /INPUT 8 "alu_out"
    .port_info 12 /INPUT 8 "lsu_out"
    .port_info 13 /OUTPUT 8 "rs"
    .port_info 14 /OUTPUT 8 "rt"
P_0x564ef348b9d0 .param/l "ARITHMETIC" 1 9 29, C4<00>;
P_0x564ef348ba10 .param/l "CONSTANT" 1 9 31, C4<10>;
P_0x564ef348ba50 .param/l "DATA_BITS" 0 9 8, +C4<00000000000000000000000000001000>;
P_0x564ef348ba90 .param/l "MEMORY" 1 9 30, C4<01>;
P_0x564ef348bad0 .param/l "THREADS_PER_BLOCK" 0 9 6, +C4<00000000000000000000000000000100>;
P_0x564ef348bb10 .param/l "THREAD_ID" 0 9 7, +C4<00000000000000000000000000000010>;
v0x564ef348c020_0 .net "alu_out", 7 0, L_0x564ef33599d0;  alias, 1 drivers
v0x564ef348c0e0_0 .net "block_id", 7 0, o0x7f175dacfa88;  alias, 0 drivers
v0x564ef348c1f0_0 .net "clk", 0 0, o0x7f175dace018;  alias, 0 drivers
v0x564ef348c290_0 .net "core_state", 2 0, v0x564ef333b470_0;  alias, 1 drivers
v0x564ef348c330_0 .net "decoded_immediate", 7 0, v0x564ef337d2b0_0;  alias, 1 drivers
v0x564ef348c440_0 .net "decoded_rd_address", 3 0, v0x564ef3405d00_0;  alias, 1 drivers
v0x564ef348c500_0 .net "decoded_reg_input_mux", 1 0, v0x564ef33f3880_0;  alias, 1 drivers
v0x564ef348c5c0_0 .net "decoded_reg_write_enable", 0 0, v0x564ef33f3960_0;  alias, 1 drivers
v0x564ef348c660_0 .net "decoded_rs_address", 3 0, v0x564ef33e0dd0_0;  alias, 1 drivers
v0x564ef348c720_0 .net "decoded_rt_address", 3 0, v0x564ef3473700_0;  alias, 1 drivers
v0x564ef348c7e0_0 .net "enable", 0 0, L_0x564ef34af3c0;  1 drivers
v0x564ef348c8a0_0 .net "lsu_out", 7 0, v0x564ef3489c20_0;  alias, 1 drivers
v0x564ef348c960 .array "registers", 0 15, 7 0;
v0x564ef348ca00_0 .net "reset", 0 0, o0x7f175dace378;  alias, 0 drivers
v0x564ef348caa0_0 .var "rs", 7 0;
v0x564ef348cb60_0 .var "rt", 7 0;
S_0x564ef348da30 .scope generate, "threads[3]" "threads[3]" 2 135, 2 135 0, S_0x564ef346afb0;
 .timescale -9 -9;
P_0x564ef348dbd0 .param/l "i" 0 2 135, +C4<011>;
L_0x7f175da856d8 .functor BUFT 1, C4<0011>, C4<0>, C4<0>, C4<0>;
v0x564ef3493140_0 .net/2u *"_s0", 3 0, L_0x7f175da856d8;  1 drivers
L_0x7f175da85768 .functor BUFT 1, C4<0011>, C4<0>, C4<0>, C4<0>;
v0x564ef3493240_0 .net/2u *"_s11", 3 0, L_0x7f175da85768;  1 drivers
v0x564ef3493320_0 .net *"_s13", 3 0, L_0x564ef34afa00;  1 drivers
L_0x7f175da857b0 .functor BUFT 1, C4<0>, C4<0>, C4<0>, C4<0>;
v0x564ef34933e0_0 .net *"_s16", 0 0, L_0x7f175da857b0;  1 drivers
v0x564ef34934c0_0 .net *"_s2", 3 0, L_0x564ef34af7c0;  1 drivers
L_0x7f175da857f8 .functor BUFT 1, C4<0011>, C4<0>, C4<0>, C4<0>;
v0x564ef34935a0_0 .net/2u *"_s29", 3 0, L_0x7f175da857f8;  1 drivers
v0x564ef3493680_0 .net *"_s31", 3 0, L_0x564ef34b0350;  1 drivers
L_0x7f175da85840 .functor BUFT 1, C4<0>, C4<0>, C4<0>, C4<0>;
v0x564ef3493760_0 .net *"_s34", 0 0, L_0x7f175da85840;  1 drivers
L_0x7f175da85888 .functor BUFT 1, C4<0011>, C4<0>, C4<0>, C4<0>;
v0x564ef3493840_0 .net/2u *"_s41", 3 0, L_0x7f175da85888;  1 drivers
v0x564ef34939b0_0 .net *"_s43", 3 0, L_0x564ef34b04f0;  1 drivers
L_0x7f175da858d0 .functor BUFT 1, C4<0>, C4<0>, C4<0>, C4<0>;
v0x564ef3493a90_0 .net *"_s46", 0 0, L_0x7f175da858d0;  1 drivers
L_0x7f175da85720 .functor BUFT 1, C4<0>, C4<0>, C4<0>, C4<0>;
v0x564ef3493b70_0 .net *"_s5", 0 0, L_0x7f175da85720;  1 drivers
L_0x564ef34af7c0 .concat [ 3 1 0 0], o0x7f175dad73a8, L_0x7f175da85720;
L_0x564ef34af8c0 .cmp/gt 4, L_0x564ef34af7c0, L_0x7f175da856d8;
L_0x564ef34afa00 .concat [ 3 1 0 0], o0x7f175dad73a8, L_0x7f175da857b0;
L_0x564ef34afb20 .cmp/gt 4, L_0x564ef34afa00, L_0x7f175da85768;
L_0x564ef34b0350 .concat [ 3 1 0 0], o0x7f175dad73a8, L_0x7f175da85840;
L_0x564ef34b0450 .cmp/gt 4, L_0x564ef34b0350, L_0x7f175da857f8;
L_0x564ef34b04f0 .concat [ 3 1 0 0], o0x7f175dad73a8, L_0x7f175da858d0;
L_0x564ef34b05e0 .cmp/gt 4, L_0x564ef34b04f0, L_0x7f175da85888;
S_0x564ef348dcb0 .scope module, "alu_instance" "alu" 2 136, 6 5 0, S_0x564ef348da30;
 .timescale -9 -9;
    .port_info 0 /INPUT 1 "clk"
    .port_info 1 /INPUT 1 "reset"
    .port_info 2 /INPUT 1 "enable"
    .port_info 3 /INPUT 3 "core_state"
    .port_info 4 /INPUT 2 "decoded_alu_arithmetic_mux"
    .port_info 5 /INPUT 1 "decoded_alu_output_mux"
    .port_info 6 /INPUT 8 "rs"
    .port_info 7 /INPUT 8 "rt"
    .port_info 8 /OUTPUT 8 "alu_out"
P_0x564ef348de80 .param/l "ADD" 1 6 18, C4<00>;
P_0x564ef348dec0 .param/l "DIV" 1 6 18, C4<11>;
P_0x564ef348df00 .param/l "MUL" 1 6 18, C4<10>;
P_0x564ef348df40 .param/l "SUB" 1 6 18, C4<01>;
L_0x564ef3359ca0 .functor BUFZ 8, v0x564ef348e380_0, C4<00000000>, C4<00000000>, C4<00000000>;
v0x564ef348e2a0_0 .net "alu_out", 7 0, L_0x564ef3359ca0;  alias, 1 drivers
v0x564ef348e380_0 .var "alu_out_reg", 7 0;
v0x564ef348e460_0 .net "clk", 0 0, o0x7f175dace018;  alias, 0 drivers
v0x564ef348e500_0 .net "core_state", 2 0, v0x564ef333b470_0;  alias, 1 drivers
v0x564ef348e5a0_0 .net "decoded_alu_arithmetic_mux", 1 0, v0x564ef3361110_0;  alias, 1 drivers
v0x564ef348e740_0 .net "decoded_alu_output_mux", 0 0, v0x564ef3326060_0;  alias, 1 drivers
v0x564ef348e870_0 .net "enable", 0 0, L_0x564ef34af8c0;  1 drivers
v0x564ef348e930_0 .net "reset", 0 0, o0x7f175dace378;  alias, 0 drivers
v0x564ef348e9d0_0 .net "rs", 7 0, v0x564ef3492d60_0;  alias, 1 drivers
v0x564ef348eb40_0 .net "rt", 7 0, v0x564ef3492e20_0;  alias, 1 drivers
S_0x564ef348ed40 .scope module, "lsu_instance" "lsu" 2 141, 7 5 0, S_0x564ef348da30;
 .timescale -9 -9;
    .port_info 0 /INPUT 1 "clk"
    .port_info 1 /INPUT 1 "reset"
    .port_info 2 /INPUT 1 "enable"
    .port_info 3 /INPUT 3 "core_state"
    .port_info 4 /INPUT 1 "decoded_mem_read_enable"
    .port_info 5 /INPUT 1 "decoded_mem_write_enable"
    .port_info 6 /INPUT 8 "rs"
    .port_info 7 /INPUT 8 "rt"
    .port_info 8 /OUTPUT 1 "mem_read_valid"
    .port_info 9 /OUTPUT 8 "mem_read_address"
    .port_info 10 /INPUT 1 "mem_read_ready"
    .port_info 11 /INPUT 8 "mem_read_data"
    .port_info 12 /OUTPUT 1 "mem_write_valid"
    .port_info 13 /OUTPUT 8 "mem_write_address"
    .port_info 14 /OUTPUT 8 "mem_write_data"
    .port_info 15 /INPUT 1 "mem_write_ready"
    .port_info 16 /OUTPUT 2 "lsu_state"
    .port_info 17 /OUTPUT 8 "lsu_out"
P_0x564ef348eee0 .param/l "DONE" 1 7 29, C4<11>;
P_0x564ef348ef20 .param/l "IDLE" 1 7 29, C4<00>;
P_0x564ef348ef60 .param/l "REQUESTING" 1 7 29, C4<01>;
P_0x564ef348efa0 .param/l "WAITING" 1 7 29, C4<10>;
v0x564ef348f410_0 .net "clk", 0 0, o0x7f175dace018;  alias, 0 drivers
v0x564ef348f6c0_0 .net "core_state", 2 0, v0x564ef333b470_0;  alias, 1 drivers
v0x564ef348f990_0 .net "decoded_mem_read_enable", 0 0, v0x564ef33e5f70_0;  alias, 1 drivers
v0x564ef348fa30_0 .net "decoded_mem_write_enable", 0 0, v0x564ef33e6030_0;  alias, 1 drivers
v0x564ef348fad0_0 .net "enable", 0 0, L_0x564ef34afb20;  1 drivers
v0x564ef348fb70_0 .var "lsu_out", 7 0;
v0x564ef348fc50_0 .var "lsu_state", 1 0;
v0x564ef348fd30_0 .var "mem_read_address", 7 0;
v0x564ef348fe10_0 .net "mem_read_data", 7 0, L_0x564ef34b10b0;  alias, 1 drivers
v0x564ef348ff80_0 .net "mem_read_ready", 0 0, L_0x564ef34afdf0;  1 drivers
v0x564ef3490040_0 .var "mem_read_valid", 0 0;
v0x564ef3490100_0 .var "mem_write_address", 7 0;
v0x564ef34901e0_0 .var "mem_write_data", 7 0;
v0x564ef34902c0_0 .net "mem_write_ready", 0 0, L_0x564ef34b0160;  1 drivers
v0x564ef3490380_0 .var "mem_write_valid", 0 0;
v0x564ef3490440_0 .net "reset", 0 0, o0x7f175dace378;  alias, 0 drivers
v0x564ef34906f0_0 .net "rs", 7 0, v0x564ef3492d60_0;  alias, 1 drivers
v0x564ef34907b0_0 .net "rt", 7 0, v0x564ef3492e20_0;  alias, 1 drivers
S_0x564ef3490b10 .scope module, "pc_instance" "pc" 2 156, 8 5 0, S_0x564ef348da30;
 .timescale -9 -9;
    .port_info 0 /INPUT 1 "clk"
    .port_info 1 /INPUT 1 "reset"
    .port_info 2 /INPUT 1 "enable"
    .port_info 3 /INPUT 3 "core_state"
    .port_info 4 /INPUT 3 "decoded_nzp"
    .port_info 5 /INPUT 8 "decoded_immediate"
    .port_info 6 /INPUT 1 "decoded_nzp_write_enable"
    .port_info 7 /INPUT 1 "decoded_pc_mux"
    .port_info 8 /INPUT 8 "alu_out"
    .port_info 9 /INPUT 8 "current_pc"
    .port_info 10 /OUTPUT 8 "next_pc"
P_0x564ef348feb0 .param/l "DATA_MEM_DATA_BITS" 0 8 6, +C4<00000000000000000000000000001000>;
P_0x564ef348fef0 .param/l "PROGRAM_MEM_ADDR_BITS" 0 8 7, +C4<00000000000000000000000000001000>;
v0x564ef348f1b0_0 .net "alu_out", 7 0, L_0x564ef3359ca0;  alias, 1 drivers
v0x564ef3490e70_0 .net "clk", 0 0, o0x7f175dace018;  alias, 0 drivers
v0x564ef3490f10_0 .net "core_state", 2 0, v0x564ef333b470_0;  alias, 1 drivers
v0x564ef3490fe0_0 .net "current_pc", 7 0, v0x564ef3321f80_0;  alias, 1 drivers
v0x564ef3491080_0 .net "decoded_immediate", 7 0, v0x564ef337d2b0_0;  alias, 1 drivers
v0x564ef3491140_0 .net "decoded_nzp", 2 0, v0x564ef3418060_0;  alias, 1 drivers
v0x564ef3491200_0 .net "decoded_nzp_write_enable", 0 0, v0x564ef3418140_0;  alias, 1 drivers
v0x564ef3491330_0 .net "decoded_pc_mux", 0 0, v0x564ef3405c60_0;  alias, 1 drivers
v0x564ef3491460_0 .net "enable", 0 0, L_0x564ef34b05e0;  1 drivers
v0x564ef34915b0_0 .var "next_pc", 7 0;
v0x564ef3491690_0 .var "nzp", 2 0;
v0x564ef3491770_0 .net "reset", 0 0, o0x7f175dace378;  alias, 0 drivers
S_0x564ef3491970 .scope module, "register_instance" "registers" 2 149, 9 5 0, S_0x564ef348da30;
 .timescale -9 -9;
    .port_info 0 /INPUT 1 "clk"
    .port_info 1 /INPUT 1 "reset"
    .port_info 2 /INPUT 1 "enable"
    .port_info 3 /INPUT 8 "block_id"
    .port_info 4 /INPUT 3 "core_state"
    .port_info 5 /INPUT 4 "decoded_rd_address"
    .port_info 6 /INPUT 4 "decoded_rs_address"
    .port_info 7 /INPUT 4 "decoded_rt_address"
    .port_info 8 /INPUT 1 "decoded_reg_write_enable"
    .port_info 9 /INPUT 2 "decoded_reg_input_mux"
    .port_info 10 /INPUT 8 "decoded_immediate"
    .port_info 11 /INPUT 8 "alu_out"
    .port_info 12 /INPUT 8 "lsu_out"
    .port_info 13 /OUTPUT 8 "rs"
    .port_info 14 /OUTPUT 8 "rt"
P_0x564ef3491af0 .param/l "ARITHMETIC" 1 9 29, C4<00>;
P_0x564ef3491b30 .param/l "CONSTANT" 1 9 31, C4<10>;
P_0x564ef3491b70 .param/l "DATA_BITS" 0 9 8, +C4<00000000000000000000000000001000>;
P_0x564ef3491bb0 .param/l "MEMORY" 1 9 30, C4<01>;
P_0x564ef3491bf0 .param/l "THREADS_PER_BLOCK" 0 9 6, +C4<00000000000000000000000000000100>;
P_0x564ef3491c30 .param/l "THREAD_ID" 0 9 7, +C4<00000000000000000000000000000011>;
v0x564ef3492140_0 .net "alu_out", 7 0, L_0x564ef3359ca0;  alias, 1 drivers
v0x564ef3492200_0 .net "block_id", 7 0, o0x7f175dacfa88;  alias, 0 drivers
v0x564ef34922c0_0 .net "clk", 0 0, o0x7f175dace018;  alias, 0 drivers
v0x564ef3492360_0 .net "core_state", 2 0, v0x564ef333b470_0;  alias, 1 drivers
v0x564ef3492400_0 .net "decoded_immediate", 7 0, v0x564ef337d2b0_0;  alias, 1 drivers
v0x564ef34924c0_0 .net "decoded_rd_address", 3 0, v0x564ef3405d00_0;  alias, 1 drivers
v0x564ef3492580_0 .net "decoded_reg_input_mux", 1 0, v0x564ef33f3880_0;  alias, 1 drivers
v0x564ef3492640_0 .net "decoded_reg_write_enable", 0 0, v0x564ef33f3960_0;  alias, 1 drivers
v0x564ef3492770_0 .net "decoded_rs_address", 3 0, v0x564ef33e0dd0_0;  alias, 1 drivers
v0x564ef3492950_0 .net "decoded_rt_address", 3 0, v0x564ef3473700_0;  alias, 1 drivers
v0x564ef3492aa0_0 .net "enable", 0 0, L_0x564ef34b0450;  1 drivers
v0x564ef3492b60_0 .net "lsu_out", 7 0, v0x564ef348fb70_0;  alias, 1 drivers
v0x564ef3492c20 .array "registers", 0 15, 7 0;
v0x564ef3492cc0_0 .net "reset", 0 0, o0x7f175dace378;  alias, 0 drivers
v0x564ef3492d60_0 .var "rs", 7 0;
v0x564ef3492e20_0 .var "rt", 7 0;
S_0x564ef3493c50 .scope module, "u_systolic_adapter" "systolic_adapter" 2 117, 10 4 0, S_0x564ef346afb0;
 .timescale -9 -9;
    .port_info 0 /INPUT 1 "clk"
    .port_info 1 /INPUT 1 "reset"
    .port_info 2 /INPUT 1 "start_compute"
    .port_info 3 /OUTPUT 1 "done"
    .port_info 4 /OUTPUT 1 "lsu_read_req"
    .port_info 5 /OUTPUT 8 "lsu_read_addr"
    .port_info 6 /INPUT 8 "lsu_read_data"
    .port_info 7 /INPUT 1 "lsu_read_ready"
    .port_info 8 /OUTPUT 1 "lsu_write_req"
    .port_info 9 /OUTPUT 8 "lsu_write_addr"
    .port_info 10 /OUTPUT 8 "lsu_write_data"
    .port_info 11 /INPUT 1 "lsu_write_ready"
    .port_info 12 /OUTPUT 128 "sa_north"
    .port_info 13 /OUTPUT 128 "sa_west"
    .port_info 14 /OUTPUT 1 "sa_enable"
    .port_info 15 /INPUT 1024 "sa_result_flat"
P_0x564ef3411170 .param/l "COMPUTE" 1 10 37, C4<011>;
P_0x564ef34111b0 .param/l "DONE_STATE" 1 10 39, C4<101>;
P_0x564ef34111f0 .param/l "IDLE" 1 10 34, C4<000>;
P_0x564ef3411230 .param/l "LOAD_INPUT" 1 10 35, C4<001>;
P_0x564ef3411270 .param/l "SA_SIZE" 0 10 5, +C4<00000000000000000000000000000100>;
P_0x564ef34112b0 .param/l "SETUP_SA" 1 10 36, C4<010>;
P_0x564ef34112f0 .param/l "STORE_OUTPUT" 1 10 38, C4<100>;
v0x564ef3494300_0 .var "byte_idx", 2 0;
v0x564ef34943e0_0 .net "clk", 0 0, o0x7f175dace018;  alias, 0 drivers
v0x564ef34944a0_0 .var "compute_cnt", 2 0;
v0x564ef3494540_0 .var "current_result", 63 0;
v0x564ef3494620_0 .var "done", 0 0;
v0x564ef34946e0 .array "input_buffer", 7 0, 31 0;
v0x564ef34947a0_0 .var "load_cnt", 5 0;
v0x564ef3494880_0 .var "lsu_read_addr", 7 0;
v0x564ef3494960_0 .net "lsu_read_data", 7 0, L_0x564ef34b9f40;  alias, 1 drivers
v0x564ef3494ad0_0 .net "lsu_read_ready", 0 0, L_0x564ef34b9760;  alias, 1 drivers
v0x564ef3494b90_0 .var "lsu_read_req", 0 0;
v0x564ef3494c50_0 .var "lsu_write_addr", 7 0;
v0x564ef3494d30_0 .var "lsu_write_data", 7 0;
v0x564ef3494e10_0 .net "lsu_write_ready", 0 0, L_0x564ef34baea0;  alias, 1 drivers
v0x564ef3494ed0_0 .var "lsu_write_req", 0 0;
v0x564ef3494f90_0 .var "res_byte_idx", 2 0;
v0x564ef3495070_0 .var "res_idx", 3 0;
v0x564ef3495260_0 .net "reset", 0 0, o0x7f175dace378;  alias, 0 drivers
v0x564ef3495300_0 .var "sa_enable", 0 0;
v0x564ef34953c0 .array "sa_north", 3 0, 31 0;
v0x564ef3495500 .array "sa_result_flat", 15 0;
v0x564ef3495500_0 .net v0x564ef3495500 0, 63 0, L_0x564ef34b2ad0; 1 drivers
v0x564ef3495500_1 .net v0x564ef3495500 1, 63 0, L_0x564ef34b2c40; 1 drivers
v0x564ef3495500_2 .net v0x564ef3495500 2, 63 0, L_0x564ef34b2d10; 1 drivers
v0x564ef3495500_3 .net v0x564ef3495500 3, 63 0, L_0x564ef34b2e90; 1 drivers
v0x564ef3495500_4 .net v0x564ef3495500 4, 63 0, L_0x564ef34b2f60; 1 drivers
v0x564ef3495500_5 .net v0x564ef3495500 5, 63 0, L_0x564ef34b30f0; 1 drivers
v0x564ef3495500_6 .net v0x564ef3495500 6, 63 0, L_0x564ef34b31c0; 1 drivers
v0x564ef3495500_7 .net v0x564ef3495500 7, 63 0, L_0x564ef34b3360; 1 drivers
v0x564ef3495500_8 .net v0x564ef3495500 8, 63 0, L_0x564ef34b3430; 1 drivers
v0x564ef3495500_9 .net v0x564ef3495500 9, 63 0, L_0x564ef34b35e0; 1 drivers
v0x564ef3495500_10 .net v0x564ef3495500 10, 63 0, L_0x564ef34b36b0; 1 drivers
v0x564ef3495500_11 .net v0x564ef3495500 11, 63 0, L_0x564ef34b3870; 1 drivers
v0x564ef3495500_12 .net v0x564ef3495500 12, 63 0, L_0x564ef34b3940; 1 drivers
v0x564ef3495500_13 .net v0x564ef3495500 13, 63 0, L_0x564ef34b3b10; 1 drivers
v0x564ef3495500_14 .net v0x564ef3495500 14, 63 0, L_0x564ef34b3be0; 1 drivers
v0x564ef3495500_15 .net v0x564ef3495500 15, 63 0, L_0x564ef34b3dc0; 1 drivers
v0x564ef34957c0 .array "sa_west", 3 0, 31 0;
v0x564ef3495930_0 .net "start_compute", 0 0, L_0x564ef34b2280;  alias, 1 drivers
v0x564ef34959f0_0 .var "state", 2 0;
v0x564ef3495ad0_0 .var "store_cnt", 5 0;
S_0x564ef3495e40 .scope module, "u_systolic_array" "systolic_array" 2 126, 11 4 0, S_0x564ef346afb0;
 .timescale -9 -9;
    .port_info 0 /INPUT 1 "clk"
    .port_info 1 /INPUT 1 "reset"
    .port_info 2 /INPUT 1 "enable"
    .port_info 3 /INPUT 128 "north"
    .port_info 4 /INPUT 128 "west"
    .port_info 5 /OUTPUT 1024 "result"
    .port_info 6 /OUTPUT 1024 "result_flat"
P_0x564ef3486880 .param/l "SIZE" 0 11 5, +C4<00000000000000000000000000000100>;
v0x564ef34a6680_0 .net "clk", 0 0, o0x7f175dace018;  alias, 0 drivers
v0x564ef34a6720 .array "east", 15 0;
v0x564ef34a6720_0 .net v0x564ef34a6720 0, 31 0, v0x564ef3496c40_0; 1 drivers
v0x564ef34a6720_1 .net v0x564ef34a6720 1, 31 0, v0x564ef3497b70_0; 1 drivers
v0x564ef34a6720_2 .net v0x564ef34a6720 2, 31 0, v0x564ef3498a90_0; 1 drivers
v0x564ef34a6720_3 .net v0x564ef34a6720 3, 31 0, v0x564ef34999a0_0; 1 drivers
v0x564ef34a6720_4 .net v0x564ef34a6720 4, 31 0, v0x564ef349ab30_0; 1 drivers
v0x564ef34a6720_5 .net v0x564ef34a6720 5, 31 0, v0x564ef349ba40_0; 1 drivers
v0x564ef34a6720_6 .net v0x564ef34a6720 6, 31 0, v0x564ef349c960_0; 1 drivers
v0x564ef34a6720_7 .net v0x564ef34a6720 7, 31 0, v0x564ef349d980_0; 1 drivers
v0x564ef34a6720_8 .net v0x564ef34a6720 8, 31 0, v0x564ef349eb70_0; 1 drivers
v0x564ef34a6720_9 .net v0x564ef34a6720 9, 31 0, v0x564ef349fa80_0; 1 drivers
v0x564ef34a6720_10 .net v0x564ef34a6720 10, 31 0, v0x564ef34a09a0_0; 1 drivers
v0x564ef34a6720_11 .net v0x564ef34a6720 11, 31 0, v0x564ef34a18b0_0; 1 drivers
v0x564ef34a6720_12 .net v0x564ef34a6720 12, 31 0, v0x564ef34a2ea0_0; 1 drivers
v0x564ef34a6720_13 .net v0x564ef34a6720 13, 31 0, v0x564ef34a41c0_0; 1 drivers
v0x564ef34a6720_14 .net v0x564ef34a6720 14, 31 0, v0x564ef34a50e0_0; 1 drivers
v0x564ef34a6720_15 .net v0x564ef34a6720 15, 31 0, v0x564ef34a5ff0_0; 1 drivers
v0x564ef34a6ae0_0 .net "enable", 0 0, v0x564ef3495300_0;  alias, 1 drivers
v0x564ef34a6bb0 .array "north", 3 0;
v0x564ef34a6bb0_0 .net v0x564ef34a6bb0 0, 31 0, L_0x564ef34b69f0; 1 drivers
v0x564ef34a6bb0_1 .net v0x564ef34a6bb0 1, 31 0, L_0x564ef34b6c20; 1 drivers
v0x564ef34a6bb0_2 .net v0x564ef34a6bb0 2, 31 0, L_0x564ef34b6d30; 1 drivers
v0x564ef34a6bb0_3 .net v0x564ef34a6bb0 3, 31 0, L_0x564ef34b6b00; 1 drivers
v0x564ef34a6c80_0 .net "reset", 0 0, o0x7f175dace378;  alias, 0 drivers
v0x564ef34a6d20 .array "result", 15 0;
v0x564ef34a6d20_0 .net v0x564ef34a6d20 0, 63 0, v0x564ef3496ef0_0; 1 drivers
v0x564ef34a6d20_1 .net v0x564ef34a6d20 1, 63 0, v0x564ef3497e20_0; 1 drivers
v0x564ef34a6d20_2 .net v0x564ef34a6d20 2, 63 0, v0x564ef3498d40_0; 1 drivers
v0x564ef34a6d20_3 .net v0x564ef34a6d20 3, 63 0, v0x564ef3499c00_0; 1 drivers
v0x564ef34a6d20_4 .net v0x564ef34a6d20 4, 63 0, v0x564ef349ade0_0; 1 drivers
v0x564ef34a6d20_5 .net v0x564ef34a6d20 5, 63 0, v0x564ef349bcf0_0; 1 drivers
v0x564ef34a6d20_6 .net v0x564ef34a6d20 6, 63 0, v0x564ef349cc10_0; 1 drivers
v0x564ef34a6d20_7 .net v0x564ef34a6d20 7, 63 0, v0x564ef349dc30_0; 1 drivers
v0x564ef34a6d20_8 .net v0x564ef34a6d20 8, 63 0, v0x564ef349ee20_0; 1 drivers
v0x564ef34a6d20_9 .net v0x564ef34a6d20 9, 63 0, v0x564ef349fd30_0; 1 drivers
v0x564ef34a6d20_10 .net v0x564ef34a6d20 10, 63 0, v0x564ef34a0c50_0; 1 drivers
v0x564ef34a6d20_11 .net v0x564ef34a6d20 11, 63 0, v0x564ef34a1b60_0; 1 drivers
v0x564ef34a6d20_12 .net v0x564ef34a6d20 12, 63 0, v0x564ef34a3560_0; 1 drivers
v0x564ef34a6d20_13 .net v0x564ef34a6d20 13, 63 0, v0x564ef34a4470_0; 1 drivers
v0x564ef34a6d20_14 .net v0x564ef34a6d20 14, 63 0, v0x564ef34a5390_0; 1 drivers
v0x564ef34a6d20_15 .net v0x564ef34a6d20 15, 63 0, v0x564ef34a62a0_0; 1 drivers
v0x564ef34a7120 .array "result_flat", 15 0;
v0x564ef34a7120_0 .net v0x564ef34a7120 0, 63 0, L_0x564ef34b3fc0; 1 drivers
v0x564ef34a7120_1 .net v0x564ef34a7120 1, 63 0, L_0x564ef34b4280; 1 drivers
v0x564ef34a7120_2 .net v0x564ef34a7120 2, 63 0, L_0x564ef34b4510; 1 drivers
v0x564ef34a7120_3 .net v0x564ef34a7120 3, 63 0, L_0x564ef34b47a0; 1 drivers
v0x564ef34a7120_4 .net v0x564ef34a7120 4, 63 0, L_0x564ef34b4a30; 1 drivers
v0x564ef34a7120_5 .net v0x564ef34a7120 5, 63 0, L_0x564ef34b4d10; 1 drivers
v0x564ef34a7120_6 .net v0x564ef34a7120 6, 63 0, L_0x564ef34b4ff0; 1 drivers
v0x564ef34a7120_7 .net v0x564ef34a7120 7, 63 0, L_0x564ef34b52d0; 1 drivers
v0x564ef34a7120_8 .net v0x564ef34a7120 8, 63 0, L_0x564ef34b5560; 1 drivers
v0x564ef34a7120_9 .net v0x564ef34a7120 9, 63 0, L_0x564ef34b5840; 1 drivers
v0x564ef34a7120_10 .net v0x564ef34a7120 10, 63 0, L_0x564ef34b5b20; 1 drivers
v0x564ef34a7120_11 .net v0x564ef34a7120 11, 63 0, L_0x564ef34b5e00; 1 drivers
v0x564ef34a7120_12 .net v0x564ef34a7120 12, 63 0, L_0x564ef34b6090; 1 drivers
v0x564ef34a7120_13 .net v0x564ef34a7120 13, 63 0, L_0x564ef34b6370; 1 drivers
v0x564ef34a7120_14 .net v0x564ef34a7120 14, 63 0, L_0x564ef34b6650; 1 drivers
v0x564ef34a7120_15 .net v0x564ef34a7120 15, 63 0, L_0x564ef34b6930; 1 drivers
v0x564ef34a7250 .array "south", 15 0;
v0x564ef34a7250_0 .net v0x564ef34a7250 0, 31 0, v0x564ef3496d70_0; 1 drivers
v0x564ef34a7250_1 .net v0x564ef34a7250 1, 31 0, v0x564ef3497ca0_0; 1 drivers
v0x564ef34a7250_2 .net v0x564ef34a7250 2, 31 0, v0x564ef3498bc0_0; 1 drivers
v0x564ef34a7250_3 .net v0x564ef34a7250 3, 31 0, v0x564ef3499a80_0; 1 drivers
v0x564ef34a7250_4 .net v0x564ef34a7250 4, 31 0, v0x564ef349ac60_0; 1 drivers
v0x564ef34a7250_5 .net v0x564ef34a7250 5, 31 0, v0x564ef349bb70_0; 1 drivers
v0x564ef34a7250_6 .net v0x564ef34a7250 6, 31 0, v0x564ef349ca90_0; 1 drivers
v0x564ef34a7250_7 .net v0x564ef34a7250 7, 31 0, v0x564ef349dab0_0; 1 drivers
v0x564ef34a7250_8 .net v0x564ef34a7250 8, 31 0, v0x564ef349eca0_0; 1 drivers
v0x564ef34a7250_9 .net v0x564ef34a7250 9, 31 0, v0x564ef349fbb0_0; 1 drivers
v0x564ef34a7250_10 .net v0x564ef34a7250 10, 31 0, v0x564ef34a0ad0_0; 1 drivers
v0x564ef34a7250_11 .net v0x564ef34a7250 11, 31 0, v0x564ef34a19e0_0; 1 drivers
v0x564ef34a7250_12 .net v0x564ef34a7250 12, 31 0, v0x564ef34a2fd0_0; 1 drivers
v0x564ef34a7250_13 .net v0x564ef34a7250 13, 31 0, v0x564ef34a42f0_0; 1 drivers
v0x564ef34a7250_14 .net v0x564ef34a7250 14, 31 0, v0x564ef34a5210_0; 1 drivers
v0x564ef34a7250_15 .net v0x564ef34a7250 15, 31 0, v0x564ef34a6120_0; 1 drivers
v0x564ef34a7680 .array "west", 3 0;
v0x564ef34a7680_0 .net v0x564ef34a7680 0, 31 0, L_0x564ef34b6f70; 1 drivers
v0x564ef34a7680_1 .net v0x564ef34a7680 1, 31 0, L_0x564ef34b71c0; 1 drivers
v0x564ef34a7680_2 .net v0x564ef34a7680 2, 31 0, L_0x564ef34b72d0; 1 drivers
v0x564ef34a7680_3 .net v0x564ef34a7680 3, 31 0, L_0x564ef34b7530; 1 drivers
S_0x564ef34960f0 .scope generate, "ROW[0]" "ROW[0]" 11 26, 11 26 0, S_0x564ef3495e40;
 .timescale -9 -9;
P_0x564ef3485570 .param/l "i" 0 11 26, +C4<00>;
S_0x564ef3496340 .scope generate, "COL[0]" "COL[0]" 11 27, 11 27 0, S_0x564ef34960f0;
 .timescale -9 -9;
P_0x564ef3496530 .param/l "j" 0 11 27, +C4<00>;
L_0x564ef34b3e90 .functor BUFZ 32, L_0x564ef34b69f0, C4<00000000000000000000000000000000>, C4<00000000000000000000000000000000>, C4<00000000000000000000000000000000>;
L_0x564ef34b3f00 .functor BUFZ 32, L_0x564ef34b6f70, C4<00000000000000000000000000000000>, C4<00000000000000000000000000000000>, C4<00000000000000000000000000000000>;
L_0x564ef34b3fc0 .functor BUFZ 64, v0x564ef3496ef0_0, C4<0000000000000000000000000000000000000000000000000000000000000000>, C4<0000000000000000000000000000000000000000000000000000000000000000>, C4<0000000000000000000000000000000000000000000000000000000000000000>;
v0x564ef3497120_0 .net "pe_north_in", 31 0, L_0x564ef34b3e90;  1 drivers
v0x564ef3497200_0 .net "pe_west_in", 31 0, L_0x564ef34b3f00;  1 drivers
S_0x564ef3496610 .scope module, "u_pe" "block" 11 37, 12 4 0, S_0x564ef3496340;
 .timescale -9 -9;
    .port_info 0 /INPUT 1 "clk"
    .port_info 1 /INPUT 1 "reset"
    .port_info 2 /INPUT 1 "enable"
    .port_info 3 /INPUT 32 "inp_north"
    .port_info 4 /INPUT 32 "inp_west"
    .port_info 5 /OUTPUT 32 "outp_south"
    .port_info 6 /OUTPUT 32 "outp_east"
    .port_info 7 /OUTPUT 64 "result"
v0x564ef3496900_0 .net "clk", 0 0, o0x7f175dace018;  alias, 0 drivers
v0x564ef34969c0_0 .net "enable", 0 0, v0x564ef3495300_0;  alias, 1 drivers
v0x564ef3496ab0_0 .net "inp_north", 31 0, L_0x564ef34b3e90;  alias, 1 drivers
v0x564ef3496b80_0 .net "inp_west", 31 0, L_0x564ef34b3f00;  alias, 1 drivers
v0x564ef3496c40_0 .var "outp_east", 31 0;
v0x564ef3496d70_0 .var "outp_south", 31 0;
v0x564ef3496e50_0 .net "reset", 0 0, o0x7f175dace378;  alias, 0 drivers
v0x564ef3496ef0_0 .var "result", 63 0;
S_0x564ef34972d0 .scope generate, "COL[1]" "COL[1]" 11 27, 11 27 0, S_0x564ef34960f0;
 .timescale -9 -9;
P_0x564ef3497470 .param/l "j" 0 11 27, +C4<01>;
L_0x564ef34b40b0 .functor BUFZ 32, L_0x564ef34b6c20, C4<00000000000000000000000000000000>, C4<00000000000000000000000000000000>, C4<00000000000000000000000000000000>;
L_0x564ef34b4170 .functor BUFZ 32, v0x564ef3496c40_0, C4<00000000000000000000000000000000>, C4<00000000000000000000000000000000>, C4<00000000000000000000000000000000>;
L_0x564ef34b4280 .functor BUFZ 64, v0x564ef3497e20_0, C4<0000000000000000000000000000000000000000000000000000000000000000>, C4<0000000000000000000000000000000000000000000000000000000000000000>, C4<0000000000000000000000000000000000000000000000000000000000000000>;
v0x564ef3498050_0 .net "pe_north_in", 31 0, L_0x564ef34b40b0;  1 drivers
v0x564ef3498130_0 .net "pe_west_in", 31 0, L_0x564ef34b4170;  1 drivers
S_0x564ef3497530 .scope module, "u_pe" "block" 11 37, 12 4 0, S_0x564ef34972d0;
 .timescale -9 -9;
    .port_info 0 /INPUT 1 "clk"
    .port_info 1 /INPUT 1 "reset"
    .port_info 2 /INPUT 1 "enable"
    .port_info 3 /INPUT 32 "inp_north"
    .port_info 4 /INPUT 32 "inp_west"
    .port_info 5 /OUTPUT 32 "outp_south"
    .port_info 6 /OUTPUT 32 "outp_east"
    .port_info 7 /OUTPUT 64 "result"
v0x564ef3497820_0 .net "clk", 0 0, o0x7f175dace018;  alias, 0 drivers
v0x564ef34978e0_0 .net "enable", 0 0, v0x564ef3495300_0;  alias, 1 drivers
v0x564ef34979f0_0 .net "inp_north", 31 0, L_0x564ef34b40b0;  alias, 1 drivers
v0x564ef3497a90_0 .net "inp_west", 31 0, L_0x564ef34b4170;  alias, 1 drivers
v0x564ef3497b70_0 .var "outp_east", 31 0;
v0x564ef3497ca0_0 .var "outp_south", 31 0;
v0x564ef3497d80_0 .net "reset", 0 0, o0x7f175dace378;  alias, 0 drivers
v0x564ef3497e20_0 .var "result", 63 0;
S_0x564ef3498200 .scope generate, "COL[2]" "COL[2]" 11 27, 11 27 0, S_0x564ef34960f0;
 .timescale -9 -9;
P_0x564ef34983b0 .param/l "j" 0 11 27, +C4<010>;
L_0x564ef34b4340 .functor BUFZ 32, L_0x564ef34b6d30, C4<00000000000000000000000000000000>, C4<00000000000000000000000000000000>, C4<00000000000000000000000000000000>;
L_0x564ef34b4400 .functor BUFZ 32, v0x564ef3497b70_0, C4<00000000000000000000000000000000>, C4<00000000000000000000000000000000>, C4<00000000000000000000000000000000>;
L_0x564ef34b4510 .functor BUFZ 64, v0x564ef3498d40_0, C4<0000000000000000000000000000000000000000000000000000000000000000>, C4<0000000000000000000000000000000000000000000000000000000000000000>, C4<0000000000000000000000000000000000000000000000000000000000000000>;
v0x564ef3498f70_0 .net "pe_north_in", 31 0, L_0x564ef34b4340;  1 drivers
v0x564ef3499050_0 .net "pe_west_in", 31 0, L_0x564ef34b4400;  1 drivers
S_0x564ef3498470 .scope module, "u_pe" "block" 11 37, 12 4 0, S_0x564ef3498200;
 .timescale -9 -9;
    .port_info 0 /INPUT 1 "clk"
    .port_info 1 /INPUT 1 "reset"
    .port_info 2 /INPUT 1 "enable"
    .port_info 3 /INPUT 32 "inp_north"
    .port_info 4 /INPUT 32 "inp_west"
    .port_info 5 /OUTPUT 32 "outp_south"
    .port_info 6 /OUTPUT 32 "outp_east"
    .port_info 7 /OUTPUT 64 "result"
v0x564ef3498760_0 .net "clk", 0 0, o0x7f175dace018;  alias, 0 drivers
v0x564ef3498820_0 .net "enable", 0 0, v0x564ef3495300_0;  alias, 1 drivers
v0x564ef34988e0_0 .net "inp_north", 31 0, L_0x564ef34b4340;  alias, 1 drivers
v0x564ef34989b0_0 .net "inp_west", 31 0, L_0x564ef34b4400;  alias, 1 drivers
v0x564ef3498a90_0 .var "outp_east", 31 0;
v0x564ef3498bc0_0 .var "outp_south", 31 0;
v0x564ef3498ca0_0 .net "reset", 0 0, o0x7f175dace378;  alias, 0 drivers
v0x564ef3498d40_0 .var "result", 63 0;
S_0x564ef3499120 .scope generate, "COL[3]" "COL[3]" 11 27, 11 27 0, S_0x564ef34960f0;
 .timescale -9 -9;
P_0x564ef34992a0 .param/l "j" 0 11 27, +C4<011>;
L_0x564ef34b45d0 .functor BUFZ 32, L_0x564ef34b6b00, C4<00000000000000000000000000000000>, C4<00000000000000000000000000000000>, C4<00000000000000000000000000000000>;
L_0x564ef34b4690 .functor BUFZ 32, v0x564ef3498a90_0, C4<00000000000000000000000000000000>, C4<00000000000000000000000000000000>, C4<00000000000000000000000000000000>;
L_0x564ef34b47a0 .functor BUFZ 64, v0x564ef3499c00_0, C4<0000000000000000000000000000000000000000000000000000000000000000>, C4<0000000000000000000000000000000000000000000000000000000000000000>, C4<0000000000000000000000000000000000000000000000000000000000000000>;
v0x564ef3499e30_0 .net "pe_north_in", 31 0, L_0x564ef34b45d0;  1 drivers
v0x564ef3499f10_0 .net "pe_west_in", 31 0, L_0x564ef34b4690;  1 drivers
S_0x564ef3499380 .scope module, "u_pe" "block" 11 37, 12 4 0, S_0x564ef3499120;
 .timescale -9 -9;
    .port_info 0 /INPUT 1 "clk"
    .port_info 1 /INPUT 1 "reset"
    .port_info 2 /INPUT 1 "enable"
    .port_info 3 /INPUT 32 "inp_north"
    .port_info 4 /INPUT 32 "inp_west"
    .port_info 5 /OUTPUT 32 "outp_south"
    .port_info 6 /OUTPUT 32 "outp_east"
    .port_info 7 /OUTPUT 64 "result"
v0x564ef3499670_0 .net "clk", 0 0, o0x7f175dace018;  alias, 0 drivers
v0x564ef3499730_0 .net "enable", 0 0, v0x564ef3495300_0;  alias, 1 drivers
v0x564ef34997f0_0 .net "inp_north", 31 0, L_0x564ef34b45d0;  alias, 1 drivers
v0x564ef34998c0_0 .net "inp_west", 31 0, L_0x564ef34b4690;  alias, 1 drivers
v0x564ef34999a0_0 .var "outp_east", 31 0;
v0x564ef3499a80_0 .var "outp_south", 31 0;
v0x564ef3499b60_0 .net "reset", 0 0, o0x7f175dace378;  alias, 0 drivers
v0x564ef3499c00_0 .var "result", 63 0;
S_0x564ef3499fe0 .scope generate, "ROW[1]" "ROW[1]" 11 26, 11 26 0, S_0x564ef3495e40;
 .timescale -9 -9;
P_0x564ef349a180 .param/l "i" 0 11 26, +C4<01>;
S_0x564ef349a240 .scope generate, "COL[0]" "COL[0]" 11 27, 11 27 0, S_0x564ef3499fe0;
 .timescale -9 -9;
P_0x564ef349a430 .param/l "j" 0 11 27, +C4<00>;
L_0x564ef34b4860 .functor BUFZ 32, v0x564ef3496d70_0, C4<00000000000000000000000000000000>, C4<00000000000000000000000000000000>, C4<00000000000000000000000000000000>;
L_0x564ef34b4970 .functor BUFZ 32, L_0x564ef34b71c0, C4<00000000000000000000000000000000>, C4<00000000000000000000000000000000>, C4<00000000000000000000000000000000>;
L_0x564ef34b4a30 .functor BUFZ 64, v0x564ef349ade0_0, C4<0000000000000000000000000000000000000000000000000000000000000000>, C4<0000000000000000000000000000000000000000000000000000000000000000>, C4<0000000000000000000000000000000000000000000000000000000000000000>;
v0x564ef349b010_0 .net "pe_north_in", 31 0, L_0x564ef34b4860;  1 drivers
v0x564ef349b0f0_0 .net "pe_west_in", 31 0, L_0x564ef34b4970;  1 drivers
S_0x564ef349a510 .scope module, "u_pe" "block" 11 37, 12 4 0, S_0x564ef349a240;
 .timescale -9 -9;
    .port_info 0 /INPUT 1 "clk"
    .port_info 1 /INPUT 1 "reset"
    .port_info 2 /INPUT 1 "enable"
    .port_info 3 /INPUT 32 "inp_north"
    .port_info 4 /INPUT 32 "inp_west"
    .port_info 5 /OUTPUT 32 "outp_south"
    .port_info 6 /OUTPUT 32 "outp_east"
    .port_info 7 /OUTPUT 64 "result"
v0x564ef349a800_0 .net "clk", 0 0, o0x7f175dace018;  alias, 0 drivers
v0x564ef349a8c0_0 .net "enable", 0 0, v0x564ef3495300_0;  alias, 1 drivers
v0x564ef349a980_0 .net "inp_north", 31 0, L_0x564ef34b4860;  alias, 1 drivers
v0x564ef349aa50_0 .net "inp_west", 31 0, L_0x564ef34b4970;  alias, 1 drivers
v0x564ef349ab30_0 .var "outp_east", 31 0;
v0x564ef349ac60_0 .var "outp_south", 31 0;
v0x564ef349ad40_0 .net "reset", 0 0, o0x7f175dace378;  alias, 0 drivers
v0x564ef349ade0_0 .var "result", 63 0;
S_0x564ef349b1c0 .scope generate, "COL[1]" "COL[1]" 11 27, 11 27 0, S_0x564ef3499fe0;
 .timescale -9 -9;
P_0x564ef349b360 .param/l "j" 0 11 27, +C4<01>;
L_0x564ef34b4af0 .functor BUFZ 32, v0x564ef3497ca0_0, C4<00000000000000000000000000000000>, C4<00000000000000000000000000000000>, C4<00000000000000000000000000000000>;
L_0x564ef34b4c00 .functor BUFZ 32, v0x564ef349ab30_0, C4<00000000000000000000000000000000>, C4<00000000000000000000000000000000>, C4<00000000000000000000000000000000>;
L_0x564ef34b4d10 .functor BUFZ 64, v0x564ef349bcf0_0, C4<0000000000000000000000000000000000000000000000000000000000000000>, C4<0000000000000000000000000000000000000000000000000000000000000000>, C4<0000000000000000000000000000000000000000000000000000000000000000>;
v0x564ef349bf20_0 .net "pe_north_in", 31 0, L_0x564ef34b4af0;  1 drivers
v0x564ef349c000_0 .net "pe_west_in", 31 0, L_0x564ef34b4c00;  1 drivers
S_0x564ef349b420 .scope module, "u_pe" "block" 11 37, 12 4 0, S_0x564ef349b1c0;
 .timescale -9 -9;
    .port_info 0 /INPUT 1 "clk"
    .port_info 1 /INPUT 1 "reset"
    .port_info 2 /INPUT 1 "enable"
    .port_info 3 /INPUT 32 "inp_north"
    .port_info 4 /INPUT 32 "inp_west"
    .port_info 5 /OUTPUT 32 "outp_south"
    .port_info 6 /OUTPUT 32 "outp_east"
    .port_info 7 /OUTPUT 64 "result"
v0x564ef349b710_0 .net "clk", 0 0, o0x7f175dace018;  alias, 0 drivers
v0x564ef349b7d0_0 .net "enable", 0 0, v0x564ef3495300_0;  alias, 1 drivers
v0x564ef349b890_0 .net "inp_north", 31 0, L_0x564ef34b4af0;  alias, 1 drivers
v0x564ef349b960_0 .net "inp_west", 31 0, L_0x564ef34b4c00;  alias, 1 drivers
v0x564ef349ba40_0 .var "outp_east", 31 0;
v0x564ef349bb70_0 .var "outp_south", 31 0;
v0x564ef349bc50_0 .net "reset", 0 0, o0x7f175dace378;  alias, 0 drivers
v0x564ef349bcf0_0 .var "result", 63 0;
S_0x564ef349c0d0 .scope generate, "COL[2]" "COL[2]" 11 27, 11 27 0, S_0x564ef3499fe0;
 .timescale -9 -9;
P_0x564ef349c280 .param/l "j" 0 11 27, +C4<010>;
L_0x564ef34b4dd0 .functor BUFZ 32, v0x564ef3498bc0_0, C4<00000000000000000000000000000000>, C4<00000000000000000000000000000000>, C4<00000000000000000000000000000000>;
L_0x564ef34b4ee0 .functor BUFZ 32, v0x564ef349ba40_0, C4<00000000000000000000000000000000>, C4<00000000000000000000000000000000>, C4<00000000000000000000000000000000>;
L_0x564ef34b4ff0 .functor BUFZ 64, v0x564ef349cc10_0, C4<0000000000000000000000000000000000000000000000000000000000000000>, C4<0000000000000000000000000000000000000000000000000000000000000000>, C4<0000000000000000000000000000000000000000000000000000000000000000>;
v0x564ef349ce40_0 .net "pe_north_in", 31 0, L_0x564ef34b4dd0;  1 drivers
v0x564ef349cf20_0 .net "pe_west_in", 31 0, L_0x564ef34b4ee0;  1 drivers
S_0x564ef349c340 .scope module, "u_pe" "block" 11 37, 12 4 0, S_0x564ef349c0d0;
 .timescale -9 -9;
    .port_info 0 /INPUT 1 "clk"
    .port_info 1 /INPUT 1 "reset"
    .port_info 2 /INPUT 1 "enable"
    .port_info 3 /INPUT 32 "inp_north"
    .port_info 4 /INPUT 32 "inp_west"
    .port_info 5 /OUTPUT 32 "outp_south"
    .port_info 6 /OUTPUT 32 "outp_east"
    .port_info 7 /OUTPUT 64 "result"
v0x564ef349c630_0 .net "clk", 0 0, o0x7f175dace018;  alias, 0 drivers
v0x564ef349c6f0_0 .net "enable", 0 0, v0x564ef3495300_0;  alias, 1 drivers
v0x564ef349c7b0_0 .net "inp_north", 31 0, L_0x564ef34b4dd0;  alias, 1 drivers
v0x564ef349c880_0 .net "inp_west", 31 0, L_0x564ef34b4ee0;  alias, 1 drivers
v0x564ef349c960_0 .var "outp_east", 31 0;
v0x564ef349ca90_0 .var "outp_south", 31 0;
v0x564ef349cb70_0 .net "reset", 0 0, o0x7f175dace378;  alias, 0 drivers
v0x564ef349cc10_0 .var "result", 63 0;
S_0x564ef349cff0 .scope generate, "COL[3]" "COL[3]" 11 27, 11 27 0, S_0x564ef3499fe0;
 .timescale -9 -9;
P_0x564ef349d170 .param/l "j" 0 11 27, +C4<011>;
L_0x564ef34b50b0 .functor BUFZ 32, v0x564ef3499a80_0, C4<00000000000000000000000000000000>, C4<00000000000000000000000000000000>, C4<00000000000000000000000000000000>;
L_0x564ef34b51c0 .functor BUFZ 32, v0x564ef349c960_0, C4<00000000000000000000000000000000>, C4<00000000000000000000000000000000>, C4<00000000000000000000000000000000>;
L_0x564ef34b52d0 .functor BUFZ 64, v0x564ef349dc30_0, C4<0000000000000000000000000000000000000000000000000000000000000000>, C4<0000000000000000000000000000000000000000000000000000000000000000>, C4<0000000000000000000000000000000000000000000000000000000000000000>;
v0x564ef349de60_0 .net "pe_north_in", 31 0, L_0x564ef34b50b0;  1 drivers
v0x564ef349df40_0 .net "pe_west_in", 31 0, L_0x564ef34b51c0;  1 drivers
S_0x564ef349d250 .scope module, "u_pe" "block" 11 37, 12 4 0, S_0x564ef349cff0;
 .timescale -9 -9;
    .port_info 0 /INPUT 1 "clk"
    .port_info 1 /INPUT 1 "reset"
    .port_info 2 /INPUT 1 "enable"
    .port_info 3 /INPUT 32 "inp_north"
    .port_info 4 /INPUT 32 "inp_west"
    .port_info 5 /OUTPUT 32 "outp_south"
    .port_info 6 /OUTPUT 32 "outp_east"
    .port_info 7 /OUTPUT 64 "result"
v0x564ef349d540_0 .net "clk", 0 0, o0x7f175dace018;  alias, 0 drivers
v0x564ef349d600_0 .net "enable", 0 0, v0x564ef3495300_0;  alias, 1 drivers
v0x564ef349d7d0_0 .net "inp_north", 31 0, L_0x564ef34b50b0;  alias, 1 drivers
v0x564ef349d8a0_0 .net "inp_west", 31 0, L_0x564ef34b51c0;  alias, 1 drivers
v0x564ef349d980_0 .var "outp_east", 31 0;
v0x564ef349dab0_0 .var "outp_south", 31 0;
v0x564ef349db90_0 .net "reset", 0 0, o0x7f175dace378;  alias, 0 drivers
v0x564ef349dc30_0 .var "result", 63 0;
S_0x564ef349e010 .scope generate, "ROW[2]" "ROW[2]" 11 26, 11 26 0, S_0x564ef3495e40;
 .timescale -9 -9;
P_0x564ef349e1c0 .param/l "i" 0 11 26, +C4<010>;
S_0x564ef349e280 .scope generate, "COL[0]" "COL[0]" 11 27, 11 27 0, S_0x564ef349e010;
 .timescale -9 -9;
P_0x564ef349e470 .param/l "j" 0 11 27, +C4<00>;
L_0x564ef34b5390 .functor BUFZ 32, v0x564ef349ac60_0, C4<00000000000000000000000000000000>, C4<00000000000000000000000000000000>, C4<00000000000000000000000000000000>;
L_0x564ef34b54a0 .functor BUFZ 32, L_0x564ef34b72d0, C4<00000000000000000000000000000000>, C4<00000000000000000000000000000000>, C4<00000000000000000000000000000000>;
L_0x564ef34b5560 .functor BUFZ 64, v0x564ef349ee20_0, C4<0000000000000000000000000000000000000000000000000000000000000000>, C4<0000000000000000000000000000000000000000000000000000000000000000>, C4<0000000000000000000000000000000000000000000000000000000000000000>;
v0x564ef349f050_0 .net "pe_north_in", 31 0, L_0x564ef34b5390;  1 drivers
v0x564ef349f130_0 .net "pe_west_in", 31 0, L_0x564ef34b54a0;  1 drivers
S_0x564ef349e550 .scope module, "u_pe" "block" 11 37, 12 4 0, S_0x564ef349e280;
 .timescale -9 -9;
    .port_info 0 /INPUT 1 "clk"
    .port_info 1 /INPUT 1 "reset"
    .port_info 2 /INPUT 1 "enable"
    .port_info 3 /INPUT 32 "inp_north"
    .port_info 4 /INPUT 32 "inp_west"
    .port_info 5 /OUTPUT 32 "outp_south"
    .port_info 6 /OUTPUT 32 "outp_east"
    .port_info 7 /OUTPUT 64 "result"
v0x564ef349e840_0 .net "clk", 0 0, o0x7f175dace018;  alias, 0 drivers
v0x564ef349e900_0 .net "enable", 0 0, v0x564ef3495300_0;  alias, 1 drivers
v0x564ef349e9c0_0 .net "inp_north", 31 0, L_0x564ef34b5390;  alias, 1 drivers
v0x564ef349ea90_0 .net "inp_west", 31 0, L_0x564ef34b54a0;  alias, 1 drivers
v0x564ef349eb70_0 .var "outp_east", 31 0;
v0x564ef349eca0_0 .var "outp_south", 31 0;
v0x564ef349ed80_0 .net "reset", 0 0, o0x7f175dace378;  alias, 0 drivers
v0x564ef349ee20_0 .var "result", 63 0;
S_0x564ef349f200 .scope generate, "COL[1]" "COL[1]" 11 27, 11 27 0, S_0x564ef349e010;
 .timescale -9 -9;
P_0x564ef349f3a0 .param/l "j" 0 11 27, +C4<01>;
L_0x564ef34b5620 .functor BUFZ 32, v0x564ef349bb70_0, C4<00000000000000000000000000000000>, C4<00000000000000000000000000000000>, C4<00000000000000000000000000000000>;
L_0x564ef34b5730 .functor BUFZ 32, v0x564ef349eb70_0, C4<00000000000000000000000000000000>, C4<00000000000000000000000000000000>, C4<00000000000000000000000000000000>;
L_0x564ef34b5840 .functor BUFZ 64, v0x564ef349fd30_0, C4<0000000000000000000000000000000000000000000000000000000000000000>, C4<0000000000000000000000000000000000000000000000000000000000000000>, C4<0000000000000000000000000000000000000000000000000000000000000000>;
v0x564ef349ff60_0 .net "pe_north_in", 31 0, L_0x564ef34b5620;  1 drivers
v0x564ef34a0040_0 .net "pe_west_in", 31 0, L_0x564ef34b5730;  1 drivers
S_0x564ef349f460 .scope module, "u_pe" "block" 11 37, 12 4 0, S_0x564ef349f200;
 .timescale -9 -9;
    .port_info 0 /INPUT 1 "clk"
    .port_info 1 /INPUT 1 "reset"
    .port_info 2 /INPUT 1 "enable"
    .port_info 3 /INPUT 32 "inp_north"
    .port_info 4 /INPUT 32 "inp_west"
    .port_info 5 /OUTPUT 32 "outp_south"
    .port_info 6 /OUTPUT 32 "outp_east"
    .port_info 7 /OUTPUT 64 "result"
v0x564ef349f750_0 .net "clk", 0 0, o0x7f175dace018;  alias, 0 drivers
v0x564ef349f810_0 .net "enable", 0 0, v0x564ef3495300_0;  alias, 1 drivers
v0x564ef349f8d0_0 .net "inp_north", 31 0, L_0x564ef34b5620;  alias, 1 drivers
v0x564ef349f9a0_0 .net "inp_west", 31 0, L_0x564ef34b5730;  alias, 1 drivers
v0x564ef349fa80_0 .var "outp_east", 31 0;
v0x564ef349fbb0_0 .var "outp_south", 31 0;
v0x564ef349fc90_0 .net "reset", 0 0, o0x7f175dace378;  alias, 0 drivers
v0x564ef349fd30_0 .var "result", 63 0;
S_0x564ef34a0110 .scope generate, "COL[2]" "COL[2]" 11 27, 11 27 0, S_0x564ef349e010;
 .timescale -9 -9;
P_0x564ef34a02c0 .param/l "j" 0 11 27, +C4<010>;
L_0x564ef34b5900 .functor BUFZ 32, v0x564ef349ca90_0, C4<00000000000000000000000000000000>, C4<00000000000000000000000000000000>, C4<00000000000000000000000000000000>;
L_0x564ef34b5a10 .functor BUFZ 32, v0x564ef349fa80_0, C4<00000000000000000000000000000000>, C4<00000000000000000000000000000000>, C4<00000000000000000000000000000000>;
L_0x564ef34b5b20 .functor BUFZ 64, v0x564ef34a0c50_0, C4<0000000000000000000000000000000000000000000000000000000000000000>, C4<0000000000000000000000000000000000000000000000000000000000000000>, C4<0000000000000000000000000000000000000000000000000000000000000000>;
v0x564ef34a0e80_0 .net "pe_north_in", 31 0, L_0x564ef34b5900;  1 drivers
v0x564ef34a0f60_0 .net "pe_west_in", 31 0, L_0x564ef34b5a10;  1 drivers
S_0x564ef34a0380 .scope module, "u_pe" "block" 11 37, 12 4 0, S_0x564ef34a0110;
 .timescale -9 -9;
    .port_info 0 /INPUT 1 "clk"
    .port_info 1 /INPUT 1 "reset"
    .port_info 2 /INPUT 1 "enable"
    .port_info 3 /INPUT 32 "inp_north"
    .port_info 4 /INPUT 32 "inp_west"
    .port_info 5 /OUTPUT 32 "outp_south"
    .port_info 6 /OUTPUT 32 "outp_east"
    .port_info 7 /OUTPUT 64 "result"
v0x564ef34a0670_0 .net "clk", 0 0, o0x7f175dace018;  alias, 0 drivers
v0x564ef34a0730_0 .net "enable", 0 0, v0x564ef3495300_0;  alias, 1 drivers
v0x564ef34a07f0_0 .net "inp_north", 31 0, L_0x564ef34b5900;  alias, 1 drivers
v0x564ef34a08c0_0 .net "inp_west", 31 0, L_0x564ef34b5a10;  alias, 1 drivers
v0x564ef34a09a0_0 .var "outp_east", 31 0;
v0x564ef34a0ad0_0 .var "outp_south", 31 0;
v0x564ef34a0bb0_0 .net "reset", 0 0, o0x7f175dace378;  alias, 0 drivers
v0x564ef34a0c50_0 .var "result", 63 0;
S_0x564ef34a1030 .scope generate, "COL[3]" "COL[3]" 11 27, 11 27 0, S_0x564ef349e010;
 .timescale -9 -9;
P_0x564ef34a11b0 .param/l "j" 0 11 27, +C4<011>;
L_0x564ef34b5be0 .functor BUFZ 32, v0x564ef349dab0_0, C4<00000000000000000000000000000000>, C4<00000000000000000000000000000000>, C4<00000000000000000000000000000000>;
L_0x564ef34b5cf0 .functor BUFZ 32, v0x564ef34a09a0_0, C4<00000000000000000000000000000000>, C4<00000000000000000000000000000000>, C4<00000000000000000000000000000000>;
L_0x564ef34b5e00 .functor BUFZ 64, v0x564ef34a1b60_0, C4<0000000000000000000000000000000000000000000000000000000000000000>, C4<0000000000000000000000000000000000000000000000000000000000000000>, C4<0000000000000000000000000000000000000000000000000000000000000000>;
v0x564ef34a1d90_0 .net "pe_north_in", 31 0, L_0x564ef34b5be0;  1 drivers
v0x564ef34a1e70_0 .net "pe_west_in", 31 0, L_0x564ef34b5cf0;  1 drivers
S_0x564ef34a1290 .scope module, "u_pe" "block" 11 37, 12 4 0, S_0x564ef34a1030;
 .timescale -9 -9;
    .port_info 0 /INPUT 1 "clk"
    .port_info 1 /INPUT 1 "reset"
    .port_info 2 /INPUT 1 "enable"
    .port_info 3 /INPUT 32 "inp_north"
    .port_info 4 /INPUT 32 "inp_west"
    .port_info 5 /OUTPUT 32 "outp_south"
    .port_info 6 /OUTPUT 32 "outp_east"
    .port_info 7 /OUTPUT 64 "result"
v0x564ef34a1580_0 .net "clk", 0 0, o0x7f175dace018;  alias, 0 drivers
v0x564ef34a1640_0 .net "enable", 0 0, v0x564ef3495300_0;  alias, 1 drivers
v0x564ef34a1700_0 .net "inp_north", 31 0, L_0x564ef34b5be0;  alias, 1 drivers
v0x564ef34a17d0_0 .net "inp_west", 31 0, L_0x564ef34b5cf0;  alias, 1 drivers
v0x564ef34a18b0_0 .var "outp_east", 31 0;
v0x564ef34a19e0_0 .var "outp_south", 31 0;
v0x564ef34a1ac0_0 .net "reset", 0 0, o0x7f175dace378;  alias, 0 drivers
v0x564ef34a1b60_0 .var "result", 63 0;
S_0x564ef34a1f40 .scope generate, "ROW[3]" "ROW[3]" 11 26, 11 26 0, S_0x564ef3495e40;
 .timescale -9 -9;
P_0x564ef34a20c0 .param/l "i" 0 11 26, +C4<011>;
S_0x564ef34a21a0 .scope generate, "COL[0]" "COL[0]" 11 27, 11 27 0, S_0x564ef34a1f40;
 .timescale -9 -9;
P_0x564ef34a2390 .param/l "j" 0 11 27, +C4<00>;
L_0x564ef34b5ec0 .functor BUFZ 32, v0x564ef349eca0_0, C4<00000000000000000000000000000000>, C4<00000000000000000000000000000000>, C4<00000000000000000000000000000000>;
L_0x564ef34b5fd0 .functor BUFZ 32, L_0x564ef34b7530, C4<00000000000000000000000000000000>, C4<00000000000000000000000000000000>, C4<00000000000000000000000000000000>;
L_0x564ef34b6090 .functor BUFZ 64, v0x564ef34a3560_0, C4<0000000000000000000000000000000000000000000000000000000000000000>, C4<0000000000000000000000000000000000000000000000000000000000000000>, C4<0000000000000000000000000000000000000000000000000000000000000000>;
v0x564ef34a3790_0 .net "pe_north_in", 31 0, L_0x564ef34b5ec0;  1 drivers
v0x564ef34a3870_0 .net "pe_west_in", 31 0, L_0x564ef34b5fd0;  1 drivers
S_0x564ef34a2470 .scope module, "u_pe" "block" 11 37, 12 4 0, S_0x564ef34a21a0;
 .timescale -9 -9;
    .port_info 0 /INPUT 1 "clk"
    .port_info 1 /INPUT 1 "reset"
    .port_info 2 /INPUT 1 "enable"
    .port_info 3 /INPUT 32 "inp_north"
    .port_info 4 /INPUT 32 "inp_west"
    .port_info 5 /OUTPUT 32 "outp_south"
    .port_info 6 /OUTPUT 32 "outp_east"
    .port_info 7 /OUTPUT 64 "result"
v0x564ef34a2760_0 .net "clk", 0 0, o0x7f175dace018;  alias, 0 drivers
v0x564ef34a2c30_0 .net "enable", 0 0, v0x564ef3495300_0;  alias, 1 drivers
v0x564ef34a2cf0_0 .net "inp_north", 31 0, L_0x564ef34b5ec0;  alias, 1 drivers
v0x564ef34a2dc0_0 .net "inp_west", 31 0, L_0x564ef34b5fd0;  alias, 1 drivers
v0x564ef34a2ea0_0 .var "outp_east", 31 0;
v0x564ef34a2fd0_0 .var "outp_south", 31 0;
v0x564ef34a30b0_0 .net "reset", 0 0, o0x7f175dace378;  alias, 0 drivers
v0x564ef34a3560_0 .var "result", 63 0;
S_0x564ef34a3940 .scope generate, "COL[1]" "COL[1]" 11 27, 11 27 0, S_0x564ef34a1f40;
 .timescale -9 -9;
P_0x564ef34a3ae0 .param/l "j" 0 11 27, +C4<01>;
L_0x564ef34b6150 .functor BUFZ 32, v0x564ef349fbb0_0, C4<00000000000000000000000000000000>, C4<00000000000000000000000000000000>, C4<00000000000000000000000000000000>;
L_0x564ef34b6260 .functor BUFZ 32, v0x564ef34a2ea0_0, C4<00000000000000000000000000000000>, C4<00000000000000000000000000000000>, C4<00000000000000000000000000000000>;
L_0x564ef34b6370 .functor BUFZ 64, v0x564ef34a4470_0, C4<0000000000000000000000000000000000000000000000000000000000000000>, C4<0000000000000000000000000000000000000000000000000000000000000000>, C4<0000000000000000000000000000000000000000000000000000000000000000>;
v0x564ef34a46a0_0 .net "pe_north_in", 31 0, L_0x564ef34b6150;  1 drivers
v0x564ef34a4780_0 .net "pe_west_in", 31 0, L_0x564ef34b6260;  1 drivers
S_0x564ef34a3ba0 .scope module, "u_pe" "block" 11 37, 12 4 0, S_0x564ef34a3940;
 .timescale -9 -9;
    .port_info 0 /INPUT 1 "clk"
    .port_info 1 /INPUT 1 "reset"
    .port_info 2 /INPUT 1 "enable"
    .port_info 3 /INPUT 32 "inp_north"
    .port_info 4 /INPUT 32 "inp_west"
    .port_info 5 /OUTPUT 32 "outp_south"
    .port_info 6 /OUTPUT 32 "outp_east"
    .port_info 7 /OUTPUT 64 "result"
v0x564ef34a3e90_0 .net "clk", 0 0, o0x7f175dace018;  alias, 0 drivers
v0x564ef34a3f50_0 .net "enable", 0 0, v0x564ef3495300_0;  alias, 1 drivers
v0x564ef34a4010_0 .net "inp_north", 31 0, L_0x564ef34b6150;  alias, 1 drivers
v0x564ef34a40e0_0 .net "inp_west", 31 0, L_0x564ef34b6260;  alias, 1 drivers
v0x564ef34a41c0_0 .var "outp_east", 31 0;
v0x564ef34a42f0_0 .var "outp_south", 31 0;
v0x564ef34a43d0_0 .net "reset", 0 0, o0x7f175dace378;  alias, 0 drivers
v0x564ef34a4470_0 .var "result", 63 0;
S_0x564ef34a4850 .scope generate, "COL[2]" "COL[2]" 11 27, 11 27 0, S_0x564ef34a1f40;
 .timescale -9 -9;
P_0x564ef34a4a00 .param/l "j" 0 11 27, +C4<010>;
L_0x564ef34b6430 .functor BUFZ 32, v0x564ef34a0ad0_0, C4<00000000000000000000000000000000>, C4<00000000000000000000000000000000>, C4<00000000000000000000000000000000>;
L_0x564ef34b6540 .functor BUFZ 32, v0x564ef34a41c0_0, C4<00000000000000000000000000000000>, C4<00000000000000000000000000000000>, C4<00000000000000000000000000000000>;
L_0x564ef34b6650 .functor BUFZ 64, v0x564ef34a5390_0, C4<0000000000000000000000000000000000000000000000000000000000000000>, C4<0000000000000000000000000000000000000000000000000000000000000000>, C4<0000000000000000000000000000000000000000000000000000000000000000>;
v0x564ef34a55c0_0 .net "pe_north_in", 31 0, L_0x564ef34b6430;  1 drivers
v0x564ef34a56a0_0 .net "pe_west_in", 31 0, L_0x564ef34b6540;  1 drivers
S_0x564ef34a4ac0 .scope module, "u_pe" "block" 11 37, 12 4 0, S_0x564ef34a4850;
 .timescale -9 -9;
    .port_info 0 /INPUT 1 "clk"
    .port_info 1 /INPUT 1 "reset"
    .port_info 2 /INPUT 1 "enable"
    .port_info 3 /INPUT 32 "inp_north"
    .port_info 4 /INPUT 32 "inp_west"
    .port_info 5 /OUTPUT 32 "outp_south"
    .port_info 6 /OUTPUT 32 "outp_east"
    .port_info 7 /OUTPUT 64 "result"
v0x564ef34a4db0_0 .net "clk", 0 0, o0x7f175dace018;  alias, 0 drivers
v0x564ef34a4e70_0 .net "enable", 0 0, v0x564ef3495300_0;  alias, 1 drivers
v0x564ef34a4f30_0 .net "inp_north", 31 0, L_0x564ef34b6430;  alias, 1 drivers
v0x564ef34a5000_0 .net "inp_west", 31 0, L_0x564ef34b6540;  alias, 1 drivers
v0x564ef34a50e0_0 .var "outp_east", 31 0;
v0x564ef34a5210_0 .var "outp_south", 31 0;
v0x564ef34a52f0_0 .net "reset", 0 0, o0x7f175dace378;  alias, 0 drivers
v0x564ef34a5390_0 .var "result", 63 0;
S_0x564ef34a5770 .scope generate, "COL[3]" "COL[3]" 11 27, 11 27 0, S_0x564ef34a1f40;
 .timescale -9 -9;
P_0x564ef34a58f0 .param/l "j" 0 11 27, +C4<011>;
L_0x564ef34b6710 .functor BUFZ 32, v0x564ef34a19e0_0, C4<00000000000000000000000000000000>, C4<00000000000000000000000000000000>, C4<00000000000000000000000000000000>;
L_0x564ef34b6820 .functor BUFZ 32, v0x564ef34a50e0_0, C4<00000000000000000000000000000000>, C4<00000000000000000000000000000000>, C4<00000000000000000000000000000000>;
L_0x564ef34b6930 .functor BUFZ 64, v0x564ef34a62a0_0, C4<0000000000000000000000000000000000000000000000000000000000000000>, C4<0000000000000000000000000000000000000000000000000000000000000000>, C4<0000000000000000000000000000000000000000000000000000000000000000>;
v0x564ef34a64d0_0 .net "pe_north_in", 31 0, L_0x564ef34b6710;  1 drivers
v0x564ef34a65b0_0 .net "pe_west_in", 31 0, L_0x564ef34b6820;  1 drivers
S_0x564ef34a59d0 .scope module, "u_pe" "block" 11 37, 12 4 0, S_0x564ef34a5770;
 .timescale -9 -9;
    .port_info 0 /INPUT 1 "clk"
    .port_info 1 /INPUT 1 "reset"
    .port_info 2 /INPUT 1 "enable"
    .port_info 3 /INPUT 32 "inp_north"
    .port_info 4 /INPUT 32 "inp_west"
    .port_info 5 /OUTPUT 32 "outp_south"
    .port_info 6 /OUTPUT 32 "outp_east"
    .port_info 7 /OUTPUT 64 "result"
v0x564ef34a5cc0_0 .net "clk", 0 0, o0x7f175dace018;  alias, 0 drivers
v0x564ef34a5d80_0 .net "enable", 0 0, v0x564ef3495300_0;  alias, 1 drivers
v0x564ef34a5e40_0 .net "inp_north", 31 0, L_0x564ef34b6710;  alias, 1 drivers
v0x564ef34a5f10_0 .net "inp_west", 31 0, L_0x564ef34b6820;  alias, 1 drivers
v0x564ef34a5ff0_0 .var "outp_east", 31 0;
v0x564ef34a6120_0 .var "outp_south", 31 0;
v0x564ef34a6200_0 .net "reset", 0 0, o0x7f175dace378;  alias, 0 drivers
v0x564ef34a62a0_0 .var "result", 63 0;
S_0x564ef34a77e0 .scope generate, "write_passthrough[1]" "write_passthrough[1]" 2 203, 2 203 0, S_0x564ef346afb0;
 .timescale -9 -9;
P_0x564ef34a7960 .param/l "j" 0 2 203, +C4<01>;
L_0x564ef34b1260 .functor BUFZ 8, v0x564ef34843c0_0, C4<00000000>, C4<00000000>, C4<00000000>;
L_0x564ef34b1320 .functor BUFZ 8, v0x564ef34844a0_0, C4<00000000>, C4<00000000>, C4<00000000>;
v0x564ef34a7a00_0 .net *"_s0", 0 0, L_0x564ef34b1170;  1 drivers
v0x564ef34a7aa0_0 .net *"_s9", 0 0, L_0x564ef34b13e0;  1 drivers
S_0x564ef34a7b40 .scope generate, "write_passthrough[2]" "write_passthrough[2]" 2 203, 2 203 0, S_0x564ef346afb0;
 .timescale -9 -9;
P_0x564ef34a7d10 .param/l "j" 0 2 203, +C4<010>;
L_0x564ef34b15c0 .functor BUFZ 8, v0x564ef348a1b0_0, C4<00000000>, C4<00000000>, C4<00000000>;
L_0x564ef34b16b0 .functor BUFZ 8, v0x564ef348a290_0, C4<00000000>, C4<00000000>, C4<00000000>;
v0x564ef34a7db0_0 .net *"_s0", 0 0, L_0x564ef34b1520;  1 drivers
v0x564ef34a7e50_0 .net *"_s9", 0 0, L_0x564ef34b1770;  1 drivers
S_0x564ef34a7f10 .scope generate, "write_passthrough[3]" "write_passthrough[3]" 2 203, 2 203 0, S_0x564ef346afb0;
 .timescale -9 -9;
P_0x564ef34a8100 .param/l "j" 0 2 203, +C4<011>;
L_0x564ef34b1910 .functor BUFZ 8, v0x564ef3490100_0, C4<00000000>, C4<00000000>, C4<00000000>;
L_0x564ef34b19b0 .functor BUFZ 8, v0x564ef34901e0_0, C4<00000000>, C4<00000000>, C4<00000000>;
v0x564ef34a81e0_0 .net *"_s0", 0 0, L_0x564ef34b1480;  1 drivers
v0x564ef34a82c0_0 .net *"_s9", 0 0, L_0x564ef34b1a70;  1 drivers
    .scope S_0x564ef3366e80;
T_0 ;
    %wait E_0x564ef33581a0;
    %load/vec4 v0x564ef3350b80_0;
    %flag_set/vec4 8;
    %jmp/0xz  T_0.0, 8;
    %pushi/vec4 0, 0, 8;
    %assign/vec4 v0x564ef333efb0_0, 0;
    %jmp T_0.1;
T_0.0 ;
    %load/vec4 v0x564ef3350ae0_0;
    %flag_set/vec4 8;
    %jmp/0xz  T_0.2, 8;
    %load/vec4 v0x564ef33508b0_0;
    %cmpi/e 5, 0, 3;
    %jmp/0xz  T_0.4, 4;
    %load/vec4 v0x564ef3350a10_0;
    %pad/u 32;
    %cmpi/e 1, 0, 32;
    %jmp/0xz  T_0.6, 4;
    %pushi/vec4 0, 0, 5;
    %load/vec4 v0x564ef3357950_0;
    %load/vec4 v0x564ef3357800_0;
    %cmp/u;
    %flag_get/vec4 5;
    %concat/vec4; draw_concat_vec4
    %load/vec4 v0x564ef3357800_0;
    %load/vec4 v0x564ef3357950_0;
    %cmp/e;
    %flag_get/vec4 4;
    %concat/vec4; draw_concat_vec4
    %load/vec4 v0x564ef3357800_0;
    %load/vec4 v0x564ef3357950_0;
    %cmp/u;
    %flag_get/vec4 5;
    %concat/vec4; draw_concat_vec4
    %assign/vec4 v0x564ef333efb0_0, 0;
    %jmp T_0.7;
T_0.6 ;
    %load/vec4 v0x564ef3350950_0;
    %dup/vec4;
    %pushi/vec4 0, 0, 2;
    %cmp/u;
    %jmp/1 T_0.8, 6;
    %dup/vec4;
    %pushi/vec4 1, 0, 2;
    %cmp/u;
    %jmp/1 T_0.9, 6;
    %dup/vec4;
    %pushi/vec4 2, 0, 2;
    %cmp/u;
    %jmp/1 T_0.10, 6;
    %dup/vec4;
    %pushi/vec4 3, 0, 2;
    %cmp/u;
    %jmp/1 T_0.11, 6;
    %jmp T_0.12;
T_0.8 ;
    %load/vec4 v0x564ef3357800_0;
    %load/vec4 v0x564ef3357950_0;
    %add;
    %assign/vec4 v0x564ef333efb0_0, 0;
    %jmp T_0.12;
T_0.9 ;
    %load/vec4 v0x564ef3357800_0;
    %load/vec4 v0x564ef3357950_0;
    %sub;
    %assign/vec4 v0x564ef333efb0_0, 0;
    %jmp T_0.12;
T_0.10 ;
    %load/vec4 v0x564ef3357800_0;
    %load/vec4 v0x564ef3357950_0;
    %mul;
    %assign/vec4 v0x564ef333efb0_0, 0;
    %jmp T_0.12;
T_0.11 ;
    %load/vec4 v0x564ef3357950_0;
    %pad/u 32;
    %cmpi/e 0, 0, 32;
    %flag_mov 8, 4;
    %jmp/0 T_0.13, 8;
    %pushi/vec4 0, 0, 8;
    %jmp/1 T_0.14, 8;
T_0.13 ; End of true expr.
    %load/vec4 v0x564ef3357800_0;
    %load/vec4 v0x564ef3357950_0;
    %div;
    %jmp/0 T_0.14, 8;
 ; End of false expr.
    %blend;
T_0.14;
    %assign/vec4 v0x564ef333efb0_0, 0;
    %jmp T_0.12;
T_0.12 ;
    %pop/vec4 1;
T_0.7 ;
T_0.4 ;
T_0.2 ;
T_0.1 ;
    %jmp T_0;
    .thread T_0;
    .scope S_0x564ef3370c30;
T_1 ;
    %wait E_0x564ef33581a0;
    %load/vec4 v0x564ef347e8c0_0;
    %flag_set/vec4 8;
    %jmp/0xz  T_1.0, 8;
    %pushi/vec4 0, 0, 2;
    %assign/vec4 v0x564ef347e2c0_0, 0;
    %pushi/vec4 0, 0, 8;
    %assign/vec4 v0x564ef33314b0_0, 0;
    %pushi/vec4 0, 0, 1;
    %assign/vec4 v0x564ef347e540_0, 0;
    %pushi/vec4 0, 0, 8;
    %assign/vec4 v0x564ef347e360_0, 0;
    %pushi/vec4 0, 0, 1;
    %assign/vec4 v0x564ef347e800_0, 0;
    %pushi/vec4 0, 0, 8;
    %assign/vec4 v0x564ef347e5e0_0, 0;
    %pushi/vec4 0, 0, 8;
    %assign/vec4 v0x564ef347e680_0, 0;
    %jmp T_1.1;
T_1.0 ;
    %load/vec4 v0x564ef33313c0_0;
    %flag_set/vec4 8;
    %jmp/0xz  T_1.2, 8;
    %load/vec4 v0x564ef3331250_0;
    %load/vec4 v0x564ef347e2c0_0;
    %pushi/vec4 0, 0, 2;
    %cmp/e;
    %flag_get/vec4 4;
    %and;
    %load/vec4 v0x564ef3377a30_0;
    %pushi/vec4 3, 0, 3;
    %cmp/e;
    %flag_get/vec4 4;
    %and;
    %flag_set/vec4 8;
    %jmp/0xz  T_1.4, 8;
    %pushi/vec4 1, 0, 2;
    %assign/vec4 v0x564ef347e2c0_0, 0;
T_1.4 ;
    %load/vec4 v0x564ef3331320_0;
    %load/vec4 v0x564ef347e2c0_0;
    %pushi/vec4 0, 0, 2;
    %cmp/e;
    %flag_get/vec4 4;
    %and;
    %load/vec4 v0x564ef3377a30_0;
    %pushi/vec4 3, 0, 3;
    %cmp/e;
    %flag_get/vec4 4;
    %and;
    %flag_set/vec4 8;
    %jmp/0xz  T_1.6, 8;
    %pushi/vec4 1, 0, 2;
    %assign/vec4 v0x564ef347e2c0_0, 0;
T_1.6 ;
    %load/vec4 v0x564ef347e2c0_0;
    %dup/vec4;
    %pushi/vec4 1, 0, 2;
    %cmp/u;
    %jmp/1 T_1.8, 6;
    %dup/vec4;
    %pushi/vec4 2, 0, 2;
    %cmp/u;
    %jmp/1 T_1.9, 6;
    %dup/vec4;
    %pushi/vec4 3, 0, 2;
    %cmp/u;
    %jmp/1 T_1.10, 6;
    %pushi/vec4 0, 0, 2;
    %assign/vec4 v0x564ef347e2c0_0, 0;
    %jmp T_1.12;
T_1.8 ;
    %load/vec4 v0x564ef3331250_0;
    %flag_set/vec4 8;
    %jmp/0xz  T_1.13, 8;
    %pushi/vec4 1, 0, 1;
    %assign/vec4 v0x564ef347e540_0, 0;
    %load/vec4 v0x564ef347e9f0_0;
    %assign/vec4 v0x564ef347e360_0, 0;
    %jmp T_1.14;
T_1.13 ;
    %load/vec4 v0x564ef3331320_0;
    %flag_set/vec4 8;
    %jmp/0xz  T_1.15, 8;
    %pushi/vec4 1, 0, 1;
    %assign/vec4 v0x564ef347e800_0, 0;
    %load/vec4 v0x564ef347e9f0_0;
    %assign/vec4 v0x564ef347e5e0_0, 0;
    %load/vec4 v0x564ef347ebc0_0;
    %assign/vec4 v0x564ef347e680_0, 0;
T_1.15 ;
T_1.14 ;
    %pushi/vec4 2, 0, 2;
    %assign/vec4 v0x564ef347e2c0_0, 0;
    %jmp T_1.12;
T_1.9 ;
    %load/vec4 v0x564ef3331250_0;
    %load/vec4 v0x564ef347e4a0_0;
    %and;
    %flag_set/vec4 8;
    %jmp/0xz  T_1.17, 8;
    %pushi/vec4 0, 0, 1;
    %assign/vec4 v0x564ef347e540_0, 0;
    %load/vec4 v0x564ef347e400_0;
    %assign/vec4 v0x564ef33314b0_0, 0;
    %pushi/vec4 3, 0, 2;
    %assign/vec4 v0x564ef347e2c0_0, 0;
    %jmp T_1.18;
T_1.17 ;
    %load/vec4 v0x564ef3331320_0;
    %load/vec4 v0x564ef347e740_0;
    %and;
    %flag_set/vec4 8;
    %jmp/0xz  T_1.19, 8;
    %pushi/vec4 0, 0, 1;
    %assign/vec4 v0x564ef347e800_0, 0;
    %pushi/vec4 3, 0, 2;
    %assign/vec4 v0x564ef347e2c0_0, 0;
T_1.19 ;
T_1.18 ;
    %jmp T_1.12;
T_1.10 ;
    %load/vec4 v0x564ef3377a30_0;
    %cmpi/e 6, 0, 3;
    %jmp/0xz  T_1.21, 4;
    %pushi/vec4 0, 0, 2;
    %assign/vec4 v0x564ef347e2c0_0, 0;
T_1.21 ;
    %jmp T_1.12;
T_1.12 ;
    %pop/vec4 1;
T_1.2 ;
T_1.1 ;
    %jmp T_1;
    .thread T_1;
    .scope S_0x564ef347fd10;
T_2 ;
    %wait E_0x564ef33581a0;
    %load/vec4 v0x564ef3480f80_0;
    %flag_set/vec4 8;
    %jmp/0xz  T_2.0, 8;
    %pushi/vec4 0, 0, 8;
    %assign/vec4 v0x564ef3481020_0, 0;
    %pushi/vec4 0, 0, 8;
    %assign/vec4 v0x564ef34810e0_0, 0;
    %pushi/vec4 0, 0, 8;
    %ix/load 3, 0, 0;
    %flag_set/imm 4, 0;
    %ix/load 4, 0, 0; Constant delay
    %assign/vec4/a/d v0x564ef3480ee0, 0, 4;
    %pushi/vec4 0, 0, 8;
    %ix/load 3, 1, 0;
    %flag_set/imm 4, 0;
    %ix/load 4, 0, 0; Constant delay
    %assign/vec4/a/d v0x564ef3480ee0, 0, 4;
    %pushi/vec4 0, 0, 8;
    %ix/load 3, 2, 0;
    %flag_set/imm 4, 0;
    %ix/load 4, 0, 0; Constant delay
    %assign/vec4/a/d v0x564ef3480ee0, 0, 4;
    %pushi/vec4 0, 0, 8;
    %ix/load 3, 3, 0;
    %flag_set/imm 4, 0;
    %ix/load 4, 0, 0; Constant delay
    %assign/vec4/a/d v0x564ef3480ee0, 0, 4;
    %pushi/vec4 0, 0, 8;
    %ix/load 3, 4, 0;
    %flag_set/imm 4, 0;
    %ix/load 4, 0, 0; Constant delay
    %assign/vec4/a/d v0x564ef3480ee0, 0, 4;
    %pushi/vec4 0, 0, 8;
    %ix/load 3, 5, 0;
    %flag_set/imm 4, 0;
    %ix/load 4, 0, 0; Constant delay
    %assign/vec4/a/d v0x564ef3480ee0, 0, 4;
    %pushi/vec4 0, 0, 8;
    %ix/load 3, 6, 0;
    %flag_set/imm 4, 0;
    %ix/load 4, 0, 0; Constant delay
    %assign/vec4/a/d v0x564ef3480ee0, 0, 4;
    %pushi/vec4 0, 0, 8;
    %ix/load 3, 7, 0;
    %flag_set/imm 4, 0;
    %ix/load 4, 0, 0; Constant delay
    %assign/vec4/a/d v0x564ef3480ee0, 0, 4;
    %pushi/vec4 0, 0, 8;
    %ix/load 3, 8, 0;
    %flag_set/imm 4, 0;
    %ix/load 4, 0, 0; Constant delay
    %assign/vec4/a/d v0x564ef3480ee0, 0, 4;
    %pushi/vec4 0, 0, 8;
    %ix/load 3, 9, 0;
    %flag_set/imm 4, 0;
    %ix/load 4, 0, 0; Constant delay
    %assign/vec4/a/d v0x564ef3480ee0, 0, 4;
    %pushi/vec4 0, 0, 8;
    %ix/load 3, 10, 0;
    %flag_set/imm 4, 0;
    %ix/load 4, 0, 0; Constant delay
    %assign/vec4/a/d v0x564ef3480ee0, 0, 4;
    %pushi/vec4 0, 0, 8;
    %ix/load 3, 11, 0;
    %flag_set/imm 4, 0;
    %ix/load 4, 0, 0; Constant delay
    %assign/vec4/a/d v0x564ef3480ee0, 0, 4;
    %pushi/vec4 0, 0, 8;
    %ix/load 3, 12, 0;
    %flag_set/imm 4, 0;
    %ix/load 4, 0, 0; Constant delay
    %assign/vec4/a/d v0x564ef3480ee0, 0, 4;
    %pushi/vec4 0, 0, 8;
    %ix/load 3, 13, 0;
    %flag_set/imm 4, 0;
    %ix/load 4, 0, 0; Constant delay
    %assign/vec4/a/d v0x564ef3480ee0, 0, 4;
    %pushi/vec4 4, 0, 8;
    %ix/load 3, 14, 0;
    %flag_set/imm 4, 0;
    %ix/load 4, 0, 0; Constant delay
    %assign/vec4/a/d v0x564ef3480ee0, 0, 4;
    %pushi/vec4 0, 0, 8;
    %ix/load 3, 15, 0;
    %flag_set/imm 4, 0;
    %ix/load 4, 0, 0; Constant delay
    %assign/vec4/a/d v0x564ef3480ee0, 0, 4;
    %jmp T_2.1;
T_2.0 ;
    %load/vec4 v0x564ef3480d70_0;
    %flag_set/vec4 8;
    %jmp/0xz  T_2.2, 8;
    %load/vec4 v0x564ef3480620_0;
    %ix/load 3, 13, 0;
    %flag_set/imm 4, 0;
    %ix/load 4, 0, 0; Constant delay
    %assign/vec4/a/d v0x564ef3480ee0, 0, 4;
    %load/vec4 v0x564ef34807a0_0;
    %cmpi/e 3, 0, 3;
    %jmp/0xz  T_2.4, 4;
    %load/vec4 v0x564ef3480bd0_0;
    %pad/u 6;
    %ix/vec4 4;
    %load/vec4a v0x564ef3480ee0, 4;
    %assign/vec4 v0x564ef3481020_0, 0;
    %load/vec4 v0x564ef3480ca0_0;
    %pad/u 6;
    %ix/vec4 4;
    %load/vec4a v0x564ef3480ee0, 4;
    %assign/vec4 v0x564ef34810e0_0, 0;
T_2.4 ;
    %load/vec4 v0x564ef34807a0_0;
    %cmpi/e 6, 0, 3;
    %jmp/0xz  T_2.6, 4;
    %load/vec4 v0x564ef3480b00_0;
    %load/vec4 v0x564ef34809a0_0;
    %pad/u 32;
    %cmpi/u 13, 0, 32;
    %flag_get/vec4 5;
    %and;
    %flag_set/vec4 8;
    %jmp/0xz  T_2.8, 8;
    %load/vec4 v0x564ef3480a60_0;
    %dup/vec4;
    %pushi/vec4 0, 0, 2;
    %cmp/u;
    %jmp/1 T_2.10, 6;
    %dup/vec4;
    %pushi/vec4 1, 0, 2;
    %cmp/u;
    %jmp/1 T_2.11, 6;
    %dup/vec4;
    %pushi/vec4 2, 0, 2;
    %cmp/u;
    %jmp/1 T_2.12, 6;
    %jmp T_2.13;
T_2.10 ;
    %load/vec4 v0x564ef3480510_0;
    %load/vec4 v0x564ef34809a0_0;
    %pad/u 6;
    %ix/vec4 3;
    %ix/load 4, 0, 0; Constant delay
    %assign/vec4/a/d v0x564ef3480ee0, 0, 4;
    %jmp T_2.13;
T_2.11 ;
    %load/vec4 v0x564ef3480e10_0;
    %load/vec4 v0x564ef34809a0_0;
    %pad/u 6;
    %ix/vec4 3;
    %ix/load 4, 0, 0; Constant delay
    %assign/vec4/a/d v0x564ef3480ee0, 0, 4;
    %jmp T_2.13;
T_2.12 ;
    %load/vec4 v0x564ef3480840_0;
    %load/vec4 v0x564ef34809a0_0;
    %pad/u 6;
    %ix/vec4 3;
    %ix/load 4, 0, 0; Constant delay
    %assign/vec4/a/d v0x564ef3480ee0, 0, 4;
    %jmp T_2.13;
T_2.13 ;
    %pop/vec4 1;
T_2.8 ;
T_2.6 ;
T_2.2 ;
T_2.1 ;
    %jmp T_2;
    .thread T_2;
    .scope S_0x564ef347ef20;
T_3 ;
    %wait E_0x564ef33581a0;
    %load/vec4 v0x564ef347fb10_0;
    %flag_set/vec4 8;
    %jmp/0xz  T_3.0, 8;
    %pushi/vec4 0, 0, 3;
    %assign/vec4 v0x564ef347fa30_0, 0;
    %pushi/vec4 0, 0, 8;
    %assign/vec4 v0x564ef347f990_0, 0;
    %jmp T_3.1;
T_3.0 ;
    %load/vec4 v0x564ef347f8f0_0;
    %flag_set/vec4 8;
    %jmp/0xz  T_3.2, 8;
    %load/vec4 v0x564ef347f430_0;
    %cmpi/e 5, 0, 3;
    %jmp/0xz  T_3.4, 4;
    %load/vec4 v0x564ef347f820_0;
    %pad/u 32;
    %cmpi/e 1, 0, 32;
    %jmp/0xz  T_3.6, 4;
    %load/vec4 v0x564ef347fa30_0;
    %load/vec4 v0x564ef347f6b0_0;
    %and;
    %cmpi/ne 0, 0, 3;
    %jmp/0xz  T_3.8, 4;
    %load/vec4 v0x564ef347f5a0_0;
    %assign/vec4 v0x564ef347f990_0, 0;
    %jmp T_3.9;
T_3.8 ;
    %load/vec4 v0x564ef347f500_0;
    %addi 1, 0, 8;
    %assign/vec4 v0x564ef347f990_0, 0;
T_3.9 ;
    %jmp T_3.7;
T_3.6 ;
    %load/vec4 v0x564ef347f500_0;
    %addi 1, 0, 8;
    %assign/vec4 v0x564ef347f990_0, 0;
T_3.7 ;
T_3.4 ;
    %load/vec4 v0x564ef347f430_0;
    %cmpi/e 6, 0, 3;
    %jmp/0xz  T_3.10, 4;
    %load/vec4 v0x564ef347f750_0;
    %flag_set/vec4 8;
    %jmp/0xz  T_3.12, 8;
    %load/vec4 v0x564ef33776a0_0;
    %parti/s 1, 2, 3;
    %ix/load 4, 2, 0;
    %ix/load 5, 0, 0;
    %flag_set/imm 4, 0;
    %assign/vec4/off/d v0x564ef347fa30_0, 4, 5;
    %load/vec4 v0x564ef33776a0_0;
    %parti/s 1, 1, 2;
    %ix/load 4, 1, 0;
    %ix/load 5, 0, 0;
    %flag_set/imm 4, 0;
    %assign/vec4/off/d v0x564ef347fa30_0, 4, 5;
    %load/vec4 v0x564ef33776a0_0;
    %parti/s 1, 0, 2;
    %ix/load 4, 0, 0;
    %ix/load 5, 0, 0;
    %flag_set/imm 4, 0;
    %assign/vec4/off/d v0x564ef347fa30_0, 4, 5;
T_3.12 ;
T_3.10 ;
T_3.2 ;
T_3.1 ;
    %jmp T_3;
    .thread T_3;
    .scope S_0x564ef3482230;
T_4 ;
    %wait E_0x564ef33581a0;
    %load/vec4 v0x564ef3482e30_0;
    %flag_set/vec4 8;
    %jmp/0xz  T_4.0, 8;
    %pushi/vec4 0, 0, 8;
    %assign/vec4 v0x564ef3482900_0, 0;
    %jmp T_4.1;
T_4.0 ;
    %load/vec4 v0x564ef3482d70_0;
    %flag_set/vec4 8;
    %jmp/0xz  T_4.2, 8;
    %load/vec4 v0x564ef3482a80_0;
    %cmpi/e 5, 0, 3;
    %jmp/0xz  T_4.4, 4;
    %load/vec4 v0x564ef3482c80_0;
    %pad/u 32;
    %cmpi/e 1, 0, 32;
    %jmp/0xz  T_4.6, 4;
    %pushi/vec4 0, 0, 5;
    %load/vec4 v0x564ef3483040_0;
    %load/vec4 v0x564ef3482ed0_0;
    %cmp/u;
    %flag_get/vec4 5;
    %concat/vec4; draw_concat_vec4
    %load/vec4 v0x564ef3482ed0_0;
    %load/vec4 v0x564ef3483040_0;
    %cmp/e;
    %flag_get/vec4 4;
    %concat/vec4; draw_concat_vec4
    %load/vec4 v0x564ef3482ed0_0;
    %load/vec4 v0x564ef3483040_0;
    %cmp/u;
    %flag_get/vec4 5;
    %concat/vec4; draw_concat_vec4
    %assign/vec4 v0x564ef3482900_0, 0;
    %jmp T_4.7;
T_4.6 ;
    %load/vec4 v0x564ef3482b20_0;
    %dup/vec4;
    %pushi/vec4 0, 0, 2;
    %cmp/u;
    %jmp/1 T_4.8, 6;
    %dup/vec4;
    %pushi/vec4 1, 0, 2;
    %cmp/u;
    %jmp/1 T_4.9, 6;
    %dup/vec4;
    %pushi/vec4 2, 0, 2;
    %cmp/u;
    %jmp/1 T_4.10, 6;
    %dup/vec4;
    %pushi/vec4 3, 0, 2;
    %cmp/u;
    %jmp/1 T_4.11, 6;
    %jmp T_4.12;
T_4.8 ;
    %load/vec4 v0x564ef3482ed0_0;
    %load/vec4 v0x564ef3483040_0;
    %add;
    %assign/vec4 v0x564ef3482900_0, 0;
    %jmp T_4.12;
T_4.9 ;
    %load/vec4 v0x564ef3482ed0_0;
    %load/vec4 v0x564ef3483040_0;
    %sub;
    %assign/vec4 v0x564ef3482900_0, 0;
    %jmp T_4.12;
T_4.10 ;
    %load/vec4 v0x564ef3482ed0_0;
    %load/vec4 v0x564ef3483040_0;
    %mul;
    %assign/vec4 v0x564ef3482900_0, 0;
    %jmp T_4.12;
T_4.11 ;
    %load/vec4 v0x564ef3483040_0;
    %pad/u 32;
    %cmpi/e 0, 0, 32;
    %flag_mov 8, 4;
    %jmp/0 T_4.13, 8;
    %pushi/vec4 0, 0, 8;
    %jmp/1 T_4.14, 8;
T_4.13 ; End of true expr.
    %load/vec4 v0x564ef3482ed0_0;
    %load/vec4 v0x564ef3483040_0;
    %div;
    %jmp/0 T_4.14, 8;
 ; End of false expr.
    %blend;
T_4.14;
    %assign/vec4 v0x564ef3482900_0, 0;
    %jmp T_4.12;
T_4.12 ;
    %pop/vec4 1;
T_4.7 ;
T_4.4 ;
T_4.2 ;
T_4.1 ;
    %jmp T_4;
    .thread T_4;
    .scope S_0x564ef3483240;
T_5 ;
    %wait E_0x564ef33581a0;
    %load/vec4 v0x564ef3484700_0;
    %flag_set/vec4 8;
    %jmp/0xz  T_5.0, 8;
    %pushi/vec4 0, 0, 2;
    %assign/vec4 v0x564ef3483fa0_0, 0;
    %pushi/vec4 0, 0, 8;
    %assign/vec4 v0x564ef3483ec0_0, 0;
    %pushi/vec4 0, 0, 1;
    %assign/vec4 v0x564ef3484300_0, 0;
    %pushi/vec4 0, 0, 8;
    %assign/vec4 v0x564ef3484080_0, 0;
    %pushi/vec4 0, 0, 1;
    %assign/vec4 v0x564ef3484640_0, 0;
    %pushi/vec4 0, 0, 8;
    %assign/vec4 v0x564ef34843c0_0, 0;
    %pushi/vec4 0, 0, 8;
    %assign/vec4 v0x564ef34844a0_0, 0;
    %jmp T_5.1;
T_5.0 ;
    %load/vec4 v0x564ef3483dd0_0;
    %flag_set/vec4 8;
    %jmp/0xz  T_5.2, 8;
    %load/vec4 v0x564ef3483c90_0;
    %load/vec4 v0x564ef3483fa0_0;
    %pushi/vec4 0, 0, 2;
    %cmp/e;
    %flag_get/vec4 4;
    %and;
    %load/vec4 v0x564ef3483ac0_0;
    %pushi/vec4 3, 0, 3;
    %cmp/e;
    %flag_get/vec4 4;
    %and;
    %flag_set/vec4 8;
    %jmp/0xz  T_5.4, 8;
    %pushi/vec4 1, 0, 2;
    %assign/vec4 v0x564ef3483fa0_0, 0;
T_5.4 ;
    %load/vec4 v0x564ef3483d30_0;
    %load/vec4 v0x564ef3483fa0_0;
    %pushi/vec4 0, 0, 2;
    %cmp/e;
    %flag_get/vec4 4;
    %and;
    %load/vec4 v0x564ef3483ac0_0;
    %pushi/vec4 3, 0, 3;
    %cmp/e;
    %flag_get/vec4 4;
    %and;
    %flag_set/vec4 8;
    %jmp/0xz  T_5.6, 8;
    %pushi/vec4 1, 0, 2;
    %assign/vec4 v0x564ef3483fa0_0, 0;
T_5.6 ;
    %load/vec4 v0x564ef3483fa0_0;
    %dup/vec4;
    %pushi/vec4 1, 0, 2;
    %cmp/u;
    %jmp/1 T_5.8, 6;
    %dup/vec4;
    %pushi/vec4 2, 0, 2;
    %cmp/u;
    %jmp/1 T_5.9, 6;
    %dup/vec4;
    %pushi/vec4 3, 0, 2;
    %cmp/u;
    %jmp/1 T_5.10, 6;
    %pushi/vec4 0, 0, 2;
    %assign/vec4 v0x564ef3483fa0_0, 0;
    %jmp T_5.12;
T_5.8 ;
    %load/vec4 v0x564ef3483c90_0;
    %flag_set/vec4 8;
    %jmp/0xz  T_5.13, 8;
    %pushi/vec4 1, 0, 1;
    %assign/vec4 v0x564ef3484300_0, 0;
    %load/vec4 v0x564ef34848b0_0;
    %assign/vec4 v0x564ef3484080_0, 0;
    %jmp T_5.14;
T_5.13 ;
    %load/vec4 v0x564ef3483d30_0;
    %flag_set/vec4 8;
    %jmp/0xz  T_5.15, 8;
    %pushi/vec4 1, 0, 1;
    %assign/vec4 v0x564ef3484640_0, 0;
    %load/vec4 v0x564ef34848b0_0;
    %assign/vec4 v0x564ef34843c0_0, 0;
    %load/vec4 v0x564ef3484a80_0;
    %assign/vec4 v0x564ef34844a0_0, 0;
T_5.15 ;
T_5.14 ;
    %pushi/vec4 2, 0, 2;
    %assign/vec4 v0x564ef3483fa0_0, 0;
    %jmp T_5.12;
T_5.9 ;
    %load/vec4 v0x564ef3483c90_0;
    %load/vec4 v0x564ef3484240_0;
    %and;
    %flag_set/vec4 8;
    %jmp/0xz  T_5.17, 8;
    %pushi/vec4 0, 0, 1;
    %assign/vec4 v0x564ef3484300_0, 0;
    %load/vec4 v0x564ef3484160_0;
    %assign/vec4 v0x564ef3483ec0_0, 0;
    %pushi/vec4 3, 0, 2;
    %assign/vec4 v0x564ef3483fa0_0, 0;
    %jmp T_5.18;
T_5.17 ;
    %load/vec4 v0x564ef3483d30_0;
    %load/vec4 v0x564ef3484580_0;
    %and;
    %flag_set/vec4 8;
    %jmp/0xz  T_5.19, 8;
    %pushi/vec4 0, 0, 1;
    %assign/vec4 v0x564ef3484640_0, 0;
    %pushi/vec4 3, 0, 2;
    %assign/vec4 v0x564ef3483fa0_0, 0;
T_5.19 ;
T_5.18 ;
    %jmp T_5.12;
T_5.10 ;
    %load/vec4 v0x564ef3483ac0_0;
    %cmpi/e 6, 0, 3;
    %jmp/0xz  T_5.21, 4;
    %pushi/vec4 0, 0, 2;
    %assign/vec4 v0x564ef3483fa0_0, 0;
T_5.21 ;
    %jmp T_5.12;
T_5.12 ;
    %pop/vec4 1;
T_5.2 ;
T_5.1 ;
    %jmp T_5;
    .thread T_5;
    .scope S_0x564ef3485c20;
T_6 ;
    %wait E_0x564ef33581a0;
    %load/vec4 v0x564ef3486e40_0;
    %flag_set/vec4 8;
    %jmp/0xz  T_6.0, 8;
    %pushi/vec4 0, 0, 8;
    %assign/vec4 v0x564ef3486ee0_0, 0;
    %pushi/vec4 0, 0, 8;
    %assign/vec4 v0x564ef3486ff0_0, 0;
    %pushi/vec4 0, 0, 8;
    %ix/load 3, 0, 0;
    %flag_set/imm 4, 0;
    %ix/load 4, 0, 0; Constant delay
    %assign/vec4/a/d v0x564ef3486da0, 0, 4;
    %pushi/vec4 0, 0, 8;
    %ix/load 3, 1, 0;
    %flag_set/imm 4, 0;
    %ix/load 4, 0, 0; Constant delay
    %assign/vec4/a/d v0x564ef3486da0, 0, 4;
    %pushi/vec4 0, 0, 8;
    %ix/load 3, 2, 0;
    %flag_set/imm 4, 0;
    %ix/load 4, 0, 0; Constant delay
    %assign/vec4/a/d v0x564ef3486da0, 0, 4;
    %pushi/vec4 0, 0, 8;
    %ix/load 3, 3, 0;
    %flag_set/imm 4, 0;
    %ix/load 4, 0, 0; Constant delay
    %assign/vec4/a/d v0x564ef3486da0, 0, 4;
    %pushi/vec4 0, 0, 8;
    %ix/load 3, 4, 0;
    %flag_set/imm 4, 0;
    %ix/load 4, 0, 0; Constant delay
    %assign/vec4/a/d v0x564ef3486da0, 0, 4;
    %pushi/vec4 0, 0, 8;
    %ix/load 3, 5, 0;
    %flag_set/imm 4, 0;
    %ix/load 4, 0, 0; Constant delay
    %assign/vec4/a/d v0x564ef3486da0, 0, 4;
    %pushi/vec4 0, 0, 8;
    %ix/load 3, 6, 0;
    %flag_set/imm 4, 0;
    %ix/load 4, 0, 0; Constant delay
    %assign/vec4/a/d v0x564ef3486da0, 0, 4;
    %pushi/vec4 0, 0, 8;
    %ix/load 3, 7, 0;
    %flag_set/imm 4, 0;
    %ix/load 4, 0, 0; Constant delay
    %assign/vec4/a/d v0x564ef3486da0, 0, 4;
    %pushi/vec4 0, 0, 8;
    %ix/load 3, 8, 0;
    %flag_set/imm 4, 0;
    %ix/load 4, 0, 0; Constant delay
    %assign/vec4/a/d v0x564ef3486da0, 0, 4;
    %pushi/vec4 0, 0, 8;
    %ix/load 3, 9, 0;
    %flag_set/imm 4, 0;
    %ix/load 4, 0, 0; Constant delay
    %assign/vec4/a/d v0x564ef3486da0, 0, 4;
    %pushi/vec4 0, 0, 8;
    %ix/load 3, 10, 0;
    %flag_set/imm 4, 0;
    %ix/load 4, 0, 0; Constant delay
    %assign/vec4/a/d v0x564ef3486da0, 0, 4;
    %pushi/vec4 0, 0, 8;
    %ix/load 3, 11, 0;
    %flag_set/imm 4, 0;
    %ix/load 4, 0, 0; Constant delay
    %assign/vec4/a/d v0x564ef3486da0, 0, 4;
    %pushi/vec4 0, 0, 8;
    %ix/load 3, 12, 0;
    %flag_set/imm 4, 0;
    %ix/load 4, 0, 0; Constant delay
    %assign/vec4/a/d v0x564ef3486da0, 0, 4;
    %pushi/vec4 0, 0, 8;
    %ix/load 3, 13, 0;
    %flag_set/imm 4, 0;
    %ix/load 4, 0, 0; Constant delay
    %assign/vec4/a/d v0x564ef3486da0, 0, 4;
    %pushi/vec4 4, 0, 8;
    %ix/load 3, 14, 0;
    %flag_set/imm 4, 0;
    %ix/load 4, 0, 0; Constant delay
    %assign/vec4/a/d v0x564ef3486da0, 0, 4;
    %pushi/vec4 1, 0, 8;
    %ix/load 3, 15, 0;
    %flag_set/imm 4, 0;
    %ix/load 4, 0, 0; Constant delay
    %assign/vec4/a/d v0x564ef3486da0, 0, 4;
    %jmp T_6.1;
T_6.0 ;
    %load/vec4 v0x564ef3486c20_0;
    %flag_set/vec4 8;
    %jmp/0xz  T_6.2, 8;
    %load/vec4 v0x564ef3486410_0;
    %ix/load 3, 13, 0;
    %flag_set/imm 4, 0;
    %ix/load 4, 0, 0; Constant delay
    %assign/vec4/a/d v0x564ef3486da0, 0, 4;
    %load/vec4 v0x564ef3486570_0;
    %cmpi/e 3, 0, 3;
    %jmp/0xz  T_6.4, 4;
    %load/vec4 v0x564ef34869c0_0;
    %pad/u 6;
    %ix/vec4 4;
    %load/vec4a v0x564ef3486da0, 4;
    %assign/vec4 v0x564ef3486ee0_0, 0;
    %load/vec4 v0x564ef3486b10_0;
    %pad/u 6;
    %ix/vec4 4;
    %load/vec4a v0x564ef3486da0, 4;
    %assign/vec4 v0x564ef3486ff0_0, 0;
T_6.4 ;
    %load/vec4 v0x564ef3486570_0;
    %cmpi/e 6, 0, 3;
    %jmp/0xz  T_6.6, 4;
    %load/vec4 v0x564ef34868d0_0;
    %load/vec4 v0x564ef3486700_0;
    %pad/u 32;
    %cmpi/u 13, 0, 32;
    %flag_get/vec4 5;
    %and;
    %flag_set/vec4 8;
    %jmp/0xz  T_6.8, 8;
    %load/vec4 v0x564ef34867c0_0;
    %dup/vec4;
    %pushi/vec4 0, 0, 2;
    %cmp/u;
    %jmp/1 T_6.10, 6;
    %dup/vec4;
    %pushi/vec4 1, 0, 2;
    %cmp/u;
    %jmp/1 T_6.11, 6;
    %dup/vec4;
    %pushi/vec4 2, 0, 2;
    %cmp/u;
    %jmp/1 T_6.12, 6;
    %jmp T_6.13;
T_6.10 ;
    %load/vec4 v0x564ef3486300_0;
    %load/vec4 v0x564ef3486700_0;
    %pad/u 6;
    %ix/vec4 3;
    %ix/load 4, 0, 0; Constant delay
    %assign/vec4/a/d v0x564ef3486da0, 0, 4;
    %jmp T_6.13;
T_6.11 ;
    %load/vec4 v0x564ef3486ce0_0;
    %load/vec4 v0x564ef3486700_0;
    %pad/u 6;
    %ix/vec4 3;
    %ix/load 4, 0, 0; Constant delay
    %assign/vec4/a/d v0x564ef3486da0, 0, 4;
    %jmp T_6.13;
T_6.12 ;
    %load/vec4 v0x564ef3486610_0;
    %load/vec4 v0x564ef3486700_0;
    %pad/u 6;
    %ix/vec4 3;
    %ix/load 4, 0, 0; Constant delay
    %assign/vec4/a/d v0x564ef3486da0, 0, 4;
    %jmp T_6.13;
T_6.13 ;
    %pop/vec4 1;
T_6.8 ;
T_6.6 ;
T_6.2 ;
T_6.1 ;
    %jmp T_6;
    .thread T_6;
    .scope S_0x564ef3484de0;
T_7 ;
    %wait E_0x564ef33581a0;
    %load/vec4 v0x564ef3485a20_0;
    %flag_set/vec4 8;
    %jmp/0xz  T_7.0, 8;
    %pushi/vec4 0, 0, 3;
    %assign/vec4 v0x564ef3485940_0, 0;
    %pushi/vec4 0, 0, 8;
    %assign/vec4 v0x564ef3485860_0, 0;
    %jmp T_7.1;
T_7.0 ;
    %load/vec4 v0x564ef34857a0_0;
    %flag_set/vec4 8;
    %jmp/0xz  T_7.2, 8;
    %load/vec4 v0x564ef3485230_0;
    %cmpi/e 5, 0, 3;
    %jmp/0xz  T_7.4, 4;
    %load/vec4 v0x564ef34856b0_0;
    %pad/u 32;
    %cmpi/e 1, 0, 32;
    %jmp/0xz  T_7.6, 4;
    %load/vec4 v0x564ef3485940_0;
    %load/vec4 v0x564ef34854b0_0;
    %and;
    %cmpi/ne 0, 0, 3;
    %jmp/0xz  T_7.8, 4;
    %load/vec4 v0x564ef34853a0_0;
    %assign/vec4 v0x564ef3485860_0, 0;
    %jmp T_7.9;
T_7.8 ;
    %load/vec4 v0x564ef3485300_0;
    %addi 1, 0, 8;
    %assign/vec4 v0x564ef3485860_0, 0;
T_7.9 ;
    %jmp T_7.7;
T_7.6 ;
    %load/vec4 v0x564ef3485300_0;
    %addi 1, 0, 8;
    %assign/vec4 v0x564ef3485860_0, 0;
T_7.7 ;
T_7.4 ;
    %load/vec4 v0x564ef3485230_0;
    %cmpi/e 6, 0, 3;
    %jmp/0xz  T_7.10, 4;
    %load/vec4 v0x564ef34855c0_0;
    %flag_set/vec4 8;
    %jmp/0xz  T_7.12, 8;
    %load/vec4 v0x564ef34836b0_0;
    %parti/s 1, 2, 3;
    %ix/load 4, 2, 0;
    %ix/load 5, 0, 0;
    %flag_set/imm 4, 0;
    %assign/vec4/off/d v0x564ef3485940_0, 4, 5;
    %load/vec4 v0x564ef34836b0_0;
    %parti/s 1, 1, 2;
    %ix/load 4, 1, 0;
    %ix/load 5, 0, 0;
    %flag_set/imm 4, 0;
    %assign/vec4/off/d v0x564ef3485940_0, 4, 5;
    %load/vec4 v0x564ef34836b0_0;
    %parti/s 1, 0, 2;
    %ix/load 4, 0, 0;
    %ix/load 5, 0, 0;
    %flag_set/imm 4, 0;
    %assign/vec4/off/d v0x564ef3485940_0, 4, 5;
T_7.12 ;
T_7.10 ;
T_7.2 ;
T_7.1 ;
    %jmp T_7;
    .thread T_7;
    .scope S_0x564ef3488180;
T_8 ;
    %wait E_0x564ef33581a0;
    %load/vec4 v0x564ef3488ce0_0;
    %flag_set/vec4 8;
    %jmp/0xz  T_8.0, 8;
    %pushi/vec4 0, 0, 8;
    %assign/vec4 v0x564ef3488850_0, 0;
    %jmp T_8.1;
T_8.0 ;
    %load/vec4 v0x564ef3488c20_0;
    %flag_set/vec4 8;
    %jmp/0xz  T_8.2, 8;
    %load/vec4 v0x564ef34889d0_0;
    %cmpi/e 5, 0, 3;
    %jmp/0xz  T_8.4, 4;
    %load/vec4 v0x564ef3488b80_0;
    %pad/u 32;
    %cmpi/e 1, 0, 32;
    %jmp/0xz  T_8.6, 4;
    %pushi/vec4 0, 0, 5;
    %load/vec4 v0x564ef3488ef0_0;
    %load/vec4 v0x564ef3488d80_0;
    %cmp/u;
    %flag_get/vec4 5;
    %concat/vec4; draw_concat_vec4
    %load/vec4 v0x564ef3488d80_0;
    %load/vec4 v0x564ef3488ef0_0;
    %cmp/e;
    %flag_get/vec4 4;
    %concat/vec4; draw_concat_vec4
    %load/vec4 v0x564ef3488d80_0;
    %load/vec4 v0x564ef3488ef0_0;
    %cmp/u;
    %flag_get/vec4 5;
    %concat/vec4; draw_concat_vec4
    %assign/vec4 v0x564ef3488850_0, 0;
    %jmp T_8.7;
T_8.6 ;
    %load/vec4 v0x564ef3488a70_0;
    %dup/vec4;
    %pushi/vec4 0, 0, 2;
    %cmp/u;
    %jmp/1 T_8.8, 6;
    %dup/vec4;
    %pushi/vec4 1, 0, 2;
    %cmp/u;
    %jmp/1 T_8.9, 6;
    %dup/vec4;
    %pushi/vec4 2, 0, 2;
    %cmp/u;
    %jmp/1 T_8.10, 6;
    %dup/vec4;
    %pushi/vec4 3, 0, 2;
    %cmp/u;
    %jmp/1 T_8.11, 6;
    %jmp T_8.12;
T_8.8 ;
    %load/vec4 v0x564ef3488d80_0;
    %load/vec4 v0x564ef3488ef0_0;
    %add;
    %assign/vec4 v0x564ef3488850_0, 0;
    %jmp T_8.12;
T_8.9 ;
    %load/vec4 v0x564ef3488d80_0;
    %load/vec4 v0x564ef3488ef0_0;
    %sub;
    %assign/vec4 v0x564ef3488850_0, 0;
    %jmp T_8.12;
T_8.10 ;
    %load/vec4 v0x564ef3488d80_0;
    %load/vec4 v0x564ef3488ef0_0;
    %mul;
    %assign/vec4 v0x564ef3488850_0, 0;
    %jmp T_8.12;
T_8.11 ;
    %load/vec4 v0x564ef3488ef0_0;
    %pad/u 32;
    %cmpi/e 0, 0, 32;
    %flag_mov 8, 4;
    %jmp/0 T_8.13, 8;
    %pushi/vec4 0, 0, 8;
    %jmp/1 T_8.14, 8;
T_8.13 ; End of true expr.
    %load/vec4 v0x564ef3488d80_0;
    %load/vec4 v0x564ef3488ef0_0;
    %div;
    %jmp/0 T_8.14, 8;
 ; End of false expr.
    %blend;
T_8.14;
    %assign/vec4 v0x564ef3488850_0, 0;
    %jmp T_8.12;
T_8.12 ;
    %pop/vec4 1;
T_8.7 ;
T_8.4 ;
T_8.2 ;
T_8.1 ;
    %jmp T_8;
    .thread T_8;
    .scope S_0x564ef34890f0;
T_9 ;
    %wait E_0x564ef33581a0;
    %load/vec4 v0x564ef348a4f0_0;
    %flag_set/vec4 8;
    %jmp/0xz  T_9.0, 8;
    %pushi/vec4 0, 0, 2;
    %assign/vec4 v0x564ef3489d00_0, 0;
    %pushi/vec4 0, 0, 8;
    %assign/vec4 v0x564ef3489c20_0, 0;
    %pushi/vec4 0, 0, 1;
    %assign/vec4 v0x564ef348a0f0_0, 0;
    %pushi/vec4 0, 0, 8;
    %assign/vec4 v0x564ef3489de0_0, 0;
    %pushi/vec4 0, 0, 1;
    %assign/vec4 v0x564ef348a430_0, 0;
    %pushi/vec4 0, 0, 8;
    %assign/vec4 v0x564ef348a1b0_0, 0;
    %pushi/vec4 0, 0, 8;
    %assign/vec4 v0x564ef348a290_0, 0;
    %jmp T_9.1;
T_9.0 ;
    %load/vec4 v0x564ef3489b80_0;
    %flag_set/vec4 8;
    %jmp/0xz  T_9.2, 8;
    %load/vec4 v0x564ef3489920_0;
    %load/vec4 v0x564ef3489d00_0;
    %pushi/vec4 0, 0, 2;
    %cmp/e;
    %flag_get/vec4 4;
    %and;
    %load/vec4 v0x564ef3489860_0;
    %pushi/vec4 3, 0, 3;
    %cmp/e;
    %flag_get/vec4 4;
    %and;
    %flag_set/vec4 8;
    %jmp/0xz  T_9.4, 8;
    %pushi/vec4 1, 0, 2;
    %assign/vec4 v0x564ef3489d00_0, 0;
T_9.4 ;
    %load/vec4 v0x564ef3489a50_0;
    %load/vec4 v0x564ef3489d00_0;
    %pushi/vec4 0, 0, 2;
    %cmp/e;
    %flag_get/vec4 4;
    %and;
    %load/vec4 v0x564ef3489860_0;
    %pushi/vec4 3, 0, 3;
    %cmp/e;
    %flag_get/vec4 4;
    %and;
    %flag_set/vec4 8;
    %jmp/0xz  T_9.6, 8;
    %pushi/vec4 1, 0, 2;
    %assign/vec4 v0x564ef3489d00_0, 0;
T_9.6 ;
    %load/vec4 v0x564ef3489d00_0;
    %dup/vec4;
    %pushi/vec4 1, 0, 2;
    %cmp/u;
    %jmp/1 T_9.8, 6;
    %dup/vec4;
    %pushi/vec4 2, 0, 2;
    %cmp/u;
    %jmp/1 T_9.9, 6;
    %dup/vec4;
    %pushi/vec4 3, 0, 2;
    %cmp/u;
    %jmp/1 T_9.10, 6;
    %pushi/vec4 0, 0, 2;
    %assign/vec4 v0x564ef3489d00_0, 0;
    %jmp T_9.12;
T_9.8 ;
    %load/vec4 v0x564ef3489920_0;
    %flag_set/vec4 8;
    %jmp/0xz  T_9.13, 8;
    %pushi/vec4 1, 0, 1;
    %assign/vec4 v0x564ef348a0f0_0, 0;
    %load/vec4 v0x564ef348a590_0;
    %assign/vec4 v0x564ef3489de0_0, 0;
    %jmp T_9.14;
T_9.13 ;
    %load/vec4 v0x564ef3489a50_0;
    %flag_set/vec4 8;
    %jmp/0xz  T_9.15, 8;
    %pushi/vec4 1, 0, 1;
    %assign/vec4 v0x564ef348a430_0, 0;
    %load/vec4 v0x564ef348a590_0;
    %assign/vec4 v0x564ef348a1b0_0, 0;
    %load/vec4 v0x564ef348a760_0;
    %assign/vec4 v0x564ef348a290_0, 0;
T_9.15 ;
T_9.14 ;
    %pushi/vec4 2, 0, 2;
    %assign/vec4 v0x564ef3489d00_0, 0;
    %jmp T_9.12;
T_9.9 ;
    %load/vec4 v0x564ef3489920_0;
    %load/vec4 v0x564ef348a030_0;
    %and;
    %flag_set/vec4 8;
    %jmp/0xz  T_9.17, 8;
    %pushi/vec4 0, 0, 1;
    %assign/vec4 v0x564ef348a0f0_0, 0;
    %load/vec4 v0x564ef3489ec0_0;
    %assign/vec4 v0x564ef3489c20_0, 0;
    %pushi/vec4 3, 0, 2;
    %assign/vec4 v0x564ef3489d00_0, 0;
    %jmp T_9.18;
T_9.17 ;
    %load/vec4 v0x564ef3489a50_0;
    %load/vec4 v0x564ef348a370_0;
    %and;
    %flag_set/vec4 8;
    %jmp/0xz  T_9.19, 8;
    %pushi/vec4 0, 0, 1;
    %assign/vec4 v0x564ef348a430_0, 0;
    %pushi/vec4 3, 0, 2;
    %assign/vec4 v0x564ef3489d00_0, 0;
T_9.19 ;
T_9.18 ;
    %jmp T_9.12;
T_9.10 ;
    %load/vec4 v0x564ef3489860_0;
    %cmpi/e 6, 0, 3;
    %jmp/0xz  T_9.21, 4;
    %pushi/vec4 0, 0, 2;
    %assign/vec4 v0x564ef3489d00_0, 0;
T_9.21 ;
    %jmp T_9.12;
T_9.12 ;
    %pop/vec4 1;
T_9.2 ;
T_9.1 ;
    %jmp T_9;
    .thread T_9;
    .scope S_0x564ef348b850;
T_10 ;
    %wait E_0x564ef33581a0;
    %load/vec4 v0x564ef348ca00_0;
    %flag_set/vec4 8;
    %jmp/0xz  T_10.0, 8;
    %pushi/vec4 0, 0, 8;
    %assign/vec4 v0x564ef348caa0_0, 0;
    %pushi/vec4 0, 0, 8;
    %assign/vec4 v0x564ef348cb60_0, 0;
    %pushi/vec4 0, 0, 8;
    %ix/load 3, 0, 0;
    %flag_set/imm 4, 0;
    %ix/load 4, 0, 0; Constant delay
    %assign/vec4/a/d v0x564ef348c960, 0, 4;
    %pushi/vec4 0, 0, 8;
    %ix/load 3, 1, 0;
    %flag_set/imm 4, 0;
    %ix/load 4, 0, 0; Constant delay
    %assign/vec4/a/d v0x564ef348c960, 0, 4;
    %pushi/vec4 0, 0, 8;
    %ix/load 3, 2, 0;
    %flag_set/imm 4, 0;
    %ix/load 4, 0, 0; Constant delay
    %assign/vec4/a/d v0x564ef348c960, 0, 4;
    %pushi/vec4 0, 0, 8;
    %ix/load 3, 3, 0;
    %flag_set/imm 4, 0;
    %ix/load 4, 0, 0; Constant delay
    %assign/vec4/a/d v0x564ef348c960, 0, 4;
    %pushi/vec4 0, 0, 8;
    %ix/load 3, 4, 0;
    %flag_set/imm 4, 0;
    %ix/load 4, 0, 0; Constant delay
    %assign/vec4/a/d v0x564ef348c960, 0, 4;
    %pushi/vec4 0, 0, 8;
    %ix/load 3, 5, 0;
    %flag_set/imm 4, 0;
    %ix/load 4, 0, 0; Constant delay
    %assign/vec4/a/d v0x564ef348c960, 0, 4;
    %pushi/vec4 0, 0, 8;
    %ix/load 3, 6, 0;
    %flag_set/imm 4, 0;
    %ix/load 4, 0, 0; Constant delay
    %assign/vec4/a/d v0x564ef348c960, 0, 4;
    %pushi/vec4 0, 0, 8;
    %ix/load 3, 7, 0;
    %flag_set/imm 4, 0;
    %ix/load 4, 0, 0; Constant delay
    %assign/vec4/a/d v0x564ef348c960, 0, 4;
    %pushi/vec4 0, 0, 8;
    %ix/load 3, 8, 0;
    %flag_set/imm 4, 0;
    %ix/load 4, 0, 0; Constant delay
    %assign/vec4/a/d v0x564ef348c960, 0, 4;
    %pushi/vec4 0, 0, 8;
    %ix/load 3, 9, 0;
    %flag_set/imm 4, 0;
    %ix/load 4, 0, 0; Constant delay
    %assign/vec4/a/d v0x564ef348c960, 0, 4;
    %pushi/vec4 0, 0, 8;
    %ix/load 3, 10, 0;
    %flag_set/imm 4, 0;
    %ix/load 4, 0, 0; Constant delay
    %assign/vec4/a/d v0x564ef348c960, 0, 4;
    %pushi/vec4 0, 0, 8;
    %ix/load 3, 11, 0;
    %flag_set/imm 4, 0;
    %ix/load 4, 0, 0; Constant delay
    %assign/vec4/a/d v0x564ef348c960, 0, 4;
    %pushi/vec4 0, 0, 8;
    %ix/load 3, 12, 0;
    %flag_set/imm 4, 0;
    %ix/load 4, 0, 0; Constant delay
    %assign/vec4/a/d v0x564ef348c960, 0, 4;
    %pushi/vec4 0, 0, 8;
    %ix/load 3, 13, 0;
    %flag_set/imm 4, 0;
    %ix/load 4, 0, 0; Constant delay
    %assign/vec4/a/d v0x564ef348c960, 0, 4;
    %pushi/vec4 4, 0, 8;
    %ix/load 3, 14, 0;
    %flag_set/imm 4, 0;
    %ix/load 4, 0, 0; Constant delay
    %assign/vec4/a/d v0x564ef348c960, 0, 4;
    %pushi/vec4 2, 0, 8;
    %ix/load 3, 15, 0;
    %flag_set/imm 4, 0;
    %ix/load 4, 0, 0; Constant delay
    %assign/vec4/a/d v0x564ef348c960, 0, 4;
    %jmp T_10.1;
T_10.0 ;
    %load/vec4 v0x564ef348c7e0_0;
    %flag_set/vec4 8;
    %jmp/0xz  T_10.2, 8;
    %load/vec4 v0x564ef348c0e0_0;
    %ix/load 3, 13, 0;
    %flag_set/imm 4, 0;
    %ix/load 4, 0, 0; Constant delay
    %assign/vec4/a/d v0x564ef348c960, 0, 4;
    %load/vec4 v0x564ef348c290_0;
    %cmpi/e 3, 0, 3;
    %jmp/0xz  T_10.4, 4;
    %load/vec4 v0x564ef348c660_0;
    %pad/u 6;
    %ix/vec4 4;
    %load/vec4a v0x564ef348c960, 4;
    %assign/vec4 v0x564ef348caa0_0, 0;
    %load/vec4 v0x564ef348c720_0;
    %pad/u 6;
    %ix/vec4 4;
    %load/vec4a v0x564ef348c960, 4;
    %assign/vec4 v0x564ef348cb60_0, 0;
T_10.4 ;
    %load/vec4 v0x564ef348c290_0;
    %cmpi/e 6, 0, 3;
    %jmp/0xz  T_10.6, 4;
    %load/vec4 v0x564ef348c5c0_0;
    %load/vec4 v0x564ef348c440_0;
    %pad/u 32;
    %cmpi/u 13, 0, 32;
    %flag_get/vec4 5;
    %and;
    %flag_set/vec4 8;
    %jmp/0xz  T_10.8, 8;
    %load/vec4 v0x564ef348c500_0;
    %dup/vec4;
    %pushi/vec4 0, 0, 2;
    %cmp/u;
    %jmp/1 T_10.10, 6;
    %dup/vec4;
    %pushi/vec4 1, 0, 2;
    %cmp/u;
    %jmp/1 T_10.11, 6;
    %dup/vec4;
    %pushi/vec4 2, 0, 2;
    %cmp/u;
    %jmp/1 T_10.12, 6;
    %jmp T_10.13;
T_10.10 ;
    %load/vec4 v0x564ef348c020_0;
    %load/vec4 v0x564ef348c440_0;
    %pad/u 6;
    %ix/vec4 3;
    %ix/load 4, 0, 0; Constant delay
    %assign/vec4/a/d v0x564ef348c960, 0, 4;
    %jmp T_10.13;
T_10.11 ;
    %load/vec4 v0x564ef348c8a0_0;
    %load/vec4 v0x564ef348c440_0;
    %pad/u 6;
    %ix/vec4 3;
    %ix/load 4, 0, 0; Constant delay
    %assign/vec4/a/d v0x564ef348c960, 0, 4;
    %jmp T_10.13;
T_10.12 ;
    %load/vec4 v0x564ef348c330_0;
    %load/vec4 v0x564ef348c440_0;
    %pad/u 6;
    %ix/vec4 3;
    %ix/load 4, 0, 0; Constant delay
    %assign/vec4/a/d v0x564ef348c960, 0, 4;
    %jmp T_10.13;
T_10.13 ;
    %pop/vec4 1;
T_10.8 ;
T_10.6 ;
T_10.2 ;
T_10.1 ;
    %jmp T_10;
    .thread T_10;
    .scope S_0x564ef348aac0;
T_11 ;
    %wait E_0x564ef33581a0;
    %load/vec4 v0x564ef348b650_0;
    %flag_set/vec4 8;
    %jmp/0xz  T_11.0, 8;
    %pushi/vec4 0, 0, 3;
    %assign/vec4 v0x564ef348b570_0, 0;
    %pushi/vec4 0, 0, 8;
    %assign/vec4 v0x564ef348b490_0, 0;
    %jmp T_11.1;
T_11.0 ;
    %load/vec4 v0x564ef348b340_0;
    %flag_set/vec4 8;
    %jmp/0xz  T_11.2, 8;
    %load/vec4 v0x564ef348af40_0;
    %cmpi/e 5, 0, 3;
    %jmp/0xz  T_11.4, 4;
    %load/vec4 v0x564ef348b2a0_0;
    %pad/u 32;
    %cmpi/e 1, 0, 32;
    %jmp/0xz  T_11.6, 4;
    %load/vec4 v0x564ef348b570_0;
    %load/vec4 v0x564ef348b140_0;
    %and;
    %cmpi/ne 0, 0, 3;
    %jmp/0xz  T_11.8, 4;
    %load/vec4 v0x564ef348b080_0;
    %assign/vec4 v0x564ef348b490_0, 0;
    %jmp T_11.9;
T_11.8 ;
    %load/vec4 v0x564ef348afe0_0;
    %addi 1, 0, 8;
    %assign/vec4 v0x564ef348b490_0, 0;
T_11.9 ;
    %jmp T_11.7;
T_11.6 ;
    %load/vec4 v0x564ef348afe0_0;
    %addi 1, 0, 8;
    %assign/vec4 v0x564ef348b490_0, 0;
T_11.7 ;
T_11.4 ;
    %load/vec4 v0x564ef348af40_0;
    %cmpi/e 6, 0, 3;
    %jmp/0xz  T_11.10, 4;
    %load/vec4 v0x564ef348b200_0;
    %flag_set/vec4 8;
    %jmp/0xz  T_11.12, 8;
    %load/vec4 v0x564ef3489560_0;
    %parti/s 1, 2, 3;
    %ix/load 4, 2, 0;
    %ix/load 5, 0, 0;
    %flag_set/imm 4, 0;
    %assign/vec4/off/d v0x564ef348b570_0, 4, 5;
    %load/vec4 v0x564ef3489560_0;
    %parti/s 1, 1, 2;
    %ix/load 4, 1, 0;
    %ix/load 5, 0, 0;
    %flag_set/imm 4, 0;
    %assign/vec4/off/d v0x564ef348b570_0, 4, 5;
    %load/vec4 v0x564ef3489560_0;
    %parti/s 1, 0, 2;
    %ix/load 4, 0, 0;
    %ix/load 5, 0, 0;
    %flag_set/imm 4, 0;
    %assign/vec4/off/d v0x564ef348b570_0, 4, 5;
T_11.12 ;
T_11.10 ;
T_11.2 ;
T_11.1 ;
    %jmp T_11;
    .thread T_11;
    .scope S_0x564ef348dcb0;
T_12 ;
    %wait E_0x564ef33581a0;
    %load/vec4 v0x564ef348e930_0;
    %flag_set/vec4 8;
    %jmp/0xz  T_12.0, 8;
    %pushi/vec4 0, 0, 8;
    %assign/vec4 v0x564ef348e380_0, 0;
    %jmp T_12.1;
T_12.0 ;
    %load/vec4 v0x564ef348e870_0;
    %flag_set/vec4 8;
    %jmp/0xz  T_12.2, 8;
    %load/vec4 v0x564ef348e500_0;
    %cmpi/e 5, 0, 3;
    %jmp/0xz  T_12.4, 4;
    %load/vec4 v0x564ef348e740_0;
    %pad/u 32;
    %cmpi/e 1, 0, 32;
    %jmp/0xz  T_12.6, 4;
    %pushi/vec4 0, 0, 5;
    %load/vec4 v0x564ef348eb40_0;
    %load/vec4 v0x564ef348e9d0_0;
    %cmp/u;
    %flag_get/vec4 5;
    %concat/vec4; draw_concat_vec4
    %load/vec4 v0x564ef348e9d0_0;
    %load/vec4 v0x564ef348eb40_0;
    %cmp/e;
    %flag_get/vec4 4;
    %concat/vec4; draw_concat_vec4
    %load/vec4 v0x564ef348e9d0_0;
    %load/vec4 v0x564ef348eb40_0;
    %cmp/u;
    %flag_get/vec4 5;
    %concat/vec4; draw_concat_vec4
    %assign/vec4 v0x564ef348e380_0, 0;
    %jmp T_12.7;
T_12.6 ;
    %load/vec4 v0x564ef348e5a0_0;
    %dup/vec4;
    %pushi/vec4 0, 0, 2;
    %cmp/u;
    %jmp/1 T_12.8, 6;
    %dup/vec4;
    %pushi/vec4 1, 0, 2;
    %cmp/u;
    %jmp/1 T_12.9, 6;
    %dup/vec4;
    %pushi/vec4 2, 0, 2;
    %cmp/u;
    %jmp/1 T_12.10, 6;
    %dup/vec4;
    %pushi/vec4 3, 0, 2;
    %cmp/u;
    %jmp/1 T_12.11, 6;
    %jmp T_12.12;
T_12.8 ;
    %load/vec4 v0x564ef348e9d0_0;
    %load/vec4 v0x564ef348eb40_0;
    %add;
    %assign/vec4 v0x564ef348e380_0, 0;
    %jmp T_12.12;
T_12.9 ;
    %load/vec4 v0x564ef348e9d0_0;
    %load/vec4 v0x564ef348eb40_0;
    %sub;
    %assign/vec4 v0x564ef348e380_0, 0;
    %jmp T_12.12;
T_12.10 ;
    %load/vec4 v0x564ef348e9d0_0;
    %load/vec4 v0x564ef348eb40_0;
    %mul;
    %assign/vec4 v0x564ef348e380_0, 0;
    %jmp T_12.12;
T_12.11 ;
    %load/vec4 v0x564ef348eb40_0;
    %pad/u 32;
    %cmpi/e 0, 0, 32;
    %flag_mov 8, 4;
    %jmp/0 T_12.13, 8;
    %pushi/vec4 0, 0, 8;
    %jmp/1 T_12.14, 8;
T_12.13 ; End of true expr.
    %load/vec4 v0x564ef348e9d0_0;
    %load/vec4 v0x564ef348eb40_0;
    %div;
    %jmp/0 T_12.14, 8;
 ; End of false expr.
    %blend;
T_12.14;
    %assign/vec4 v0x564ef348e380_0, 0;
    %jmp T_12.12;
T_12.12 ;
    %pop/vec4 1;
T_12.7 ;
T_12.4 ;
T_12.2 ;
T_12.1 ;
    %jmp T_12;
    .thread T_12;
    .scope S_0x564ef348ed40;
T_13 ;
    %wait E_0x564ef33581a0;
    %load/vec4 v0x564ef3490440_0;
    %flag_set/vec4 8;
    %jmp/0xz  T_13.0, 8;
    %pushi/vec4 0, 0, 2;
    %assign/vec4 v0x564ef348fc50_0, 0;
    %pushi/vec4 0, 0, 8;
    %assign/vec4 v0x564ef348fb70_0, 0;
    %pushi/vec4 0, 0, 1;
    %assign/vec4 v0x564ef3490040_0, 0;
    %pushi/vec4 0, 0, 8;
    %assign/vec4 v0x564ef348fd30_0, 0;
    %pushi/vec4 0, 0, 1;
    %assign/vec4 v0x564ef3490380_0, 0;
    %pushi/vec4 0, 0, 8;
    %assign/vec4 v0x564ef3490100_0, 0;
    %pushi/vec4 0, 0, 8;
    %assign/vec4 v0x564ef34901e0_0, 0;
    %jmp T_13.1;
T_13.0 ;
    %load/vec4 v0x564ef348fad0_0;
    %flag_set/vec4 8;
    %jmp/0xz  T_13.2, 8;
    %load/vec4 v0x564ef348f990_0;
    %load/vec4 v0x564ef348fc50_0;
    %pushi/vec4 0, 0, 2;
    %cmp/e;
    %flag_get/vec4 4;
    %and;
    %load/vec4 v0x564ef348f6c0_0;
    %pushi/vec4 3, 0, 3;
    %cmp/e;
    %flag_get/vec4 4;
    %and;
    %flag_set/vec4 8;
    %jmp/0xz  T_13.4, 8;
    %pushi/vec4 1, 0, 2;
    %assign/vec4 v0x564ef348fc50_0, 0;
T_13.4 ;
    %load/vec4 v0x564ef348fa30_0;
    %load/vec4 v0x564ef348fc50_0;
    %pushi/vec4 0, 0, 2;
    %cmp/e;
    %flag_get/vec4 4;
    %and;
    %load/vec4 v0x564ef348f6c0_0;
    %pushi/vec4 3, 0, 3;
    %cmp/e;
    %flag_get/vec4 4;
    %and;
    %flag_set/vec4 8;
    %jmp/0xz  T_13.6, 8;
    %pushi/vec4 1, 0, 2;
    %assign/vec4 v0x564ef348fc50_0, 0;
T_13.6 ;
    %load/vec4 v0x564ef348fc50_0;
    %dup/vec4;
    %pushi/vec4 1, 0, 2;
    %cmp/u;
    %jmp/1 T_13.8, 6;
    %dup/vec4;
    %pushi/vec4 2, 0, 2;
    %cmp/u;
    %jmp/1 T_13.9, 6;
    %dup/vec4;
    %pushi/vec4 3, 0, 2;
    %cmp/u;
    %jmp/1 T_13.10, 6;
    %pushi/vec4 0, 0, 2;
    %assign/vec4 v0x564ef348fc50_0, 0;
    %jmp T_13.12;
T_13.8 ;
    %load/vec4 v0x564ef348f990_0;
    %flag_set/vec4 8;
    %jmp/0xz  T_13.13, 8;
    %pushi/vec4 1, 0, 1;
    %assign/vec4 v0x564ef3490040_0, 0;
    %load/vec4 v0x564ef34906f0_0;
    %assign/vec4 v0x564ef348fd30_0, 0;
    %jmp T_13.14;
T_13.13 ;
    %load/vec4 v0x564ef348fa30_0;
    %flag_set/vec4 8;
    %jmp/0xz  T_13.15, 8;
    %pushi/vec4 1, 0, 1;
    %assign/vec4 v0x564ef3490380_0, 0;
    %load/vec4 v0x564ef34906f0_0;
    %assign/vec4 v0x564ef3490100_0, 0;
    %load/vec4 v0x564ef34907b0_0;
    %assign/vec4 v0x564ef34901e0_0, 0;
T_13.15 ;
T_13.14 ;
    %pushi/vec4 2, 0, 2;
    %assign/vec4 v0x564ef348fc50_0, 0;
    %jmp T_13.12;
T_13.9 ;
    %load/vec4 v0x564ef348f990_0;
    %load/vec4 v0x564ef348ff80_0;
    %and;
    %flag_set/vec4 8;
    %jmp/0xz  T_13.17, 8;
    %pushi/vec4 0, 0, 1;
    %assign/vec4 v0x564ef3490040_0, 0;
    %load/vec4 v0x564ef348fe10_0;
    %assign/vec4 v0x564ef348fb70_0, 0;
    %pushi/vec4 3, 0, 2;
    %assign/vec4 v0x564ef348fc50_0, 0;
    %jmp T_13.18;
T_13.17 ;
    %load/vec4 v0x564ef348fa30_0;
    %load/vec4 v0x564ef34902c0_0;
    %and;
    %flag_set/vec4 8;
    %jmp/0xz  T_13.19, 8;
    %pushi/vec4 0, 0, 1;
    %assign/vec4 v0x564ef3490380_0, 0;
    %pushi/vec4 3, 0, 2;
    %assign/vec4 v0x564ef348fc50_0, 0;
T_13.19 ;
T_13.18 ;
    %jmp T_13.12;
T_13.10 ;
    %load/vec4 v0x564ef348f6c0_0;
    %cmpi/e 6, 0, 3;
    %jmp/0xz  T_13.21, 4;
    %pushi/vec4 0, 0, 2;
    %assign/vec4 v0x564ef348fc50_0, 0;
T_13.21 ;
    %jmp T_13.12;
T_13.12 ;
    %pop/vec4 1;
T_13.2 ;
T_13.1 ;
    %jmp T_13;
    .thread T_13;
    .scope S_0x564ef3491970;
T_14 ;
    %wait E_0x564ef33581a0;
    %load/vec4 v0x564ef3492cc0_0;
    %flag_set/vec4 8;
    %jmp/0xz  T_14.0, 8;
    %pushi/vec4 0, 0, 8;
    %assign/vec4 v0x564ef3492d60_0, 0;
    %pushi/vec4 0, 0, 8;
    %assign/vec4 v0x564ef3492e20_0, 0;
    %pushi/vec4 0, 0, 8;
    %ix/load 3, 0, 0;
    %flag_set/imm 4, 0;
    %ix/load 4, 0, 0; Constant delay
    %assign/vec4/a/d v0x564ef3492c20, 0, 4;
    %pushi/vec4 0, 0, 8;
    %ix/load 3, 1, 0;
    %flag_set/imm 4, 0;
    %ix/load 4, 0, 0; Constant delay
    %assign/vec4/a/d v0x564ef3492c20, 0, 4;
    %pushi/vec4 0, 0, 8;
    %ix/load 3, 2, 0;
    %flag_set/imm 4, 0;
    %ix/load 4, 0, 0; Constant delay
    %assign/vec4/a/d v0x564ef3492c20, 0, 4;
    %pushi/vec4 0, 0, 8;
    %ix/load 3, 3, 0;
    %flag_set/imm 4, 0;
    %ix/load 4, 0, 0; Constant delay
    %assign/vec4/a/d v0x564ef3492c20, 0, 4;
    %pushi/vec4 0, 0, 8;
    %ix/load 3, 4, 0;
    %flag_set/imm 4, 0;
    %ix/load 4, 0, 0; Constant delay
    %assign/vec4/a/d v0x564ef3492c20, 0, 4;
    %pushi/vec4 0, 0, 8;
    %ix/load 3, 5, 0;
    %flag_set/imm 4, 0;
    %ix/load 4, 0, 0; Constant delay
    %assign/vec4/a/d v0x564ef3492c20, 0, 4;
    %pushi/vec4 0, 0, 8;
    %ix/load 3, 6, 0;
    %flag_set/imm 4, 0;
    %ix/load 4, 0, 0; Constant delay
    %assign/vec4/a/d v0x564ef3492c20, 0, 4;
    %pushi/vec4 0, 0, 8;
    %ix/load 3, 7, 0;
    %flag_set/imm 4, 0;
    %ix/load 4, 0, 0; Constant delay
    %assign/vec4/a/d v0x564ef3492c20, 0, 4;
    %pushi/vec4 0, 0, 8;
    %ix/load 3, 8, 0;
    %flag_set/imm 4, 0;
    %ix/load 4, 0, 0; Constant delay
    %assign/vec4/a/d v0x564ef3492c20, 0, 4;
    %pushi/vec4 0, 0, 8;
    %ix/load 3, 9, 0;
    %flag_set/imm 4, 0;
    %ix/load 4, 0, 0; Constant delay
    %assign/vec4/a/d v0x564ef3492c20, 0, 4;
    %pushi/vec4 0, 0, 8;
    %ix/load 3, 10, 0;
    %flag_set/imm 4, 0;
    %ix/load 4, 0, 0; Constant delay
    %assign/vec4/a/d v0x564ef3492c20, 0, 4;
    %pushi/vec4 0, 0, 8;
    %ix/load 3, 11, 0;
    %flag_set/imm 4, 0;
    %ix/load 4, 0, 0; Constant delay
    %assign/vec4/a/d v0x564ef3492c20, 0, 4;
    %pushi/vec4 0, 0, 8;
    %ix/load 3, 12, 0;
    %flag_set/imm 4, 0;
    %ix/load 4, 0, 0; Constant delay
    %assign/vec4/a/d v0x564ef3492c20, 0, 4;
    %pushi/vec4 0, 0, 8;
    %ix/load 3, 13, 0;
    %flag_set/imm 4, 0;
    %ix/load 4, 0, 0; Constant delay
    %assign/vec4/a/d v0x564ef3492c20, 0, 4;
    %pushi/vec4 4, 0, 8;
    %ix/load 3, 14, 0;
    %flag_set/imm 4, 0;
    %ix/load 4, 0, 0; Constant delay
    %assign/vec4/a/d v0x564ef3492c20, 0, 4;
    %pushi/vec4 3, 0, 8;
    %ix/load 3, 15, 0;
    %flag_set/imm 4, 0;
    %ix/load 4, 0, 0; Constant delay
    %assign/vec4/a/d v0x564ef3492c20, 0, 4;
    %jmp T_14.1;
T_14.0 ;
    %load/vec4 v0x564ef3492aa0_0;
    %flag_set/vec4 8;
    %jmp/0xz  T_14.2, 8;
    %load/vec4 v0x564ef3492200_0;
    %ix/load 3, 13, 0;
    %flag_set/imm 4, 0;
    %ix/load 4, 0, 0; Constant delay
    %assign/vec4/a/d v0x564ef3492c20, 0, 4;
    %load/vec4 v0x564ef3492360_0;
    %cmpi/e 3, 0, 3;
    %jmp/0xz  T_14.4, 4;
    %load/vec4 v0x564ef3492770_0;
    %pad/u 6;
    %ix/vec4 4;
    %load/vec4a v0x564ef3492c20, 4;
    %assign/vec4 v0x564ef3492d60_0, 0;
    %load/vec4 v0x564ef3492950_0;
    %pad/u 6;
    %ix/vec4 4;
    %load/vec4a v0x564ef3492c20, 4;
    %assign/vec4 v0x564ef3492e20_0, 0;
T_14.4 ;
    %load/vec4 v0x564ef3492360_0;
    %cmpi/e 6, 0, 3;
    %jmp/0xz  T_14.6, 4;
    %load/vec4 v0x564ef3492640_0;
    %load/vec4 v0x564ef34924c0_0;
    %pad/u 32;
    %cmpi/u 13, 0, 32;
    %flag_get/vec4 5;
    %and;
    %flag_set/vec4 8;
    %jmp/0xz  T_14.8, 8;
    %load/vec4 v0x564ef3492580_0;
    %dup/vec4;
    %pushi/vec4 0, 0, 2;
    %cmp/u;
    %jmp/1 T_14.10, 6;
    %dup/vec4;
    %pushi/vec4 1, 0, 2;
    %cmp/u;
    %jmp/1 T_14.11, 6;
    %dup/vec4;
    %pushi/vec4 2, 0, 2;
    %cmp/u;
    %jmp/1 T_14.12, 6;
    %jmp T_14.13;
T_14.10 ;
    %load/vec4 v0x564ef3492140_0;
    %load/vec4 v0x564ef34924c0_0;
    %pad/u 6;
    %ix/vec4 3;
    %ix/load 4, 0, 0; Constant delay
    %assign/vec4/a/d v0x564ef3492c20, 0, 4;
    %jmp T_14.13;
T_14.11 ;
    %load/vec4 v0x564ef3492b60_0;
    %load/vec4 v0x564ef34924c0_0;
    %pad/u 6;
    %ix/vec4 3;
    %ix/load 4, 0, 0; Constant delay
    %assign/vec4/a/d v0x564ef3492c20, 0, 4;
    %jmp T_14.13;
T_14.12 ;
    %load/vec4 v0x564ef3492400_0;
    %load/vec4 v0x564ef34924c0_0;
    %pad/u 6;
    %ix/vec4 3;
    %ix/load 4, 0, 0; Constant delay
    %assign/vec4/a/d v0x564ef3492c20, 0, 4;
    %jmp T_14.13;
T_14.13 ;
    %pop/vec4 1;
T_14.8 ;
T_14.6 ;
T_14.2 ;
T_14.1 ;
    %jmp T_14;
    .thread T_14;
    .scope S_0x564ef3490b10;
T_15 ;
    %wait E_0x564ef33581a0;
    %load/vec4 v0x564ef3491770_0;
    %flag_set/vec4 8;
    %jmp/0xz  T_15.0, 8;
    %pushi/vec4 0, 0, 3;
    %assign/vec4 v0x564ef3491690_0, 0;
    %pushi/vec4 0, 0, 8;
    %assign/vec4 v0x564ef34915b0_0, 0;
    %jmp T_15.1;
T_15.0 ;
    %load/vec4 v0x564ef3491460_0;
    %flag_set/vec4 8;
    %jmp/0xz  T_15.2, 8;
    %load/vec4 v0x564ef3490f10_0;
    %cmpi/e 5, 0, 3;
    %jmp/0xz  T_15.4, 4;
    %load/vec4 v0x564ef3491330_0;
    %pad/u 32;
    %cmpi/e 1, 0, 32;
    %jmp/0xz  T_15.6, 4;
    %load/vec4 v0x564ef3491690_0;
    %load/vec4 v0x564ef3491140_0;
    %and;
    %cmpi/ne 0, 0, 3;
    %jmp/0xz  T_15.8, 4;
    %load/vec4 v0x564ef3491080_0;
    %assign/vec4 v0x564ef34915b0_0, 0;
    %jmp T_15.9;
T_15.8 ;
    %load/vec4 v0x564ef3490fe0_0;
    %addi 1, 0, 8;
    %assign/vec4 v0x564ef34915b0_0, 0;
T_15.9 ;
    %jmp T_15.7;
T_15.6 ;
    %load/vec4 v0x564ef3490fe0_0;
    %addi 1, 0, 8;
    %assign/vec4 v0x564ef34915b0_0, 0;
T_15.7 ;
T_15.4 ;
    %load/vec4 v0x564ef3490f10_0;
    %cmpi/e 6, 0, 3;
    %jmp/0xz  T_15.10, 4;
    %load/vec4 v0x564ef3491200_0;
    %flag_set/vec4 8;
    %jmp/0xz  T_15.12, 8;
    %load/vec4 v0x564ef348f1b0_0;
    %parti/s 1, 2, 3;
    %ix/load 4, 2, 0;
    %ix/load 5, 0, 0;
    %flag_set/imm 4, 0;
    %assign/vec4/off/d v0x564ef3491690_0, 4, 5;
    %load/vec4 v0x564ef348f1b0_0;
    %parti/s 1, 1, 2;
    %ix/load 4, 1, 0;
    %ix/load 5, 0, 0;
    %flag_set/imm 4, 0;
    %assign/vec4/off/d v0x564ef3491690_0, 4, 5;
    %load/vec4 v0x564ef348f1b0_0;
    %parti/s 1, 0, 2;
    %ix/load 4, 0, 0;
    %ix/load 5, 0, 0;
    %flag_set/imm 4, 0;
    %assign/vec4/off/d v0x564ef3491690_0, 4, 5;
T_15.12 ;
T_15.10 ;
T_15.2 ;
T_15.1 ;
    %jmp T_15;
    .thread T_15;
    .scope S_0x564ef344abd0;
T_16 ;
    %wait E_0x564ef33581a0;
    %load/vec4 v0x564ef3457d40_0;
    %flag_set/vec4 8;
    %jmp/0xz  T_16.0, 8;
    %pushi/vec4 0, 0, 3;
    %assign/vec4 v0x564ef3461070_0, 0;
    %pushi/vec4 0, 0, 1;
    %assign/vec4 v0x564ef345af20_0, 0;
    %pushi/vec4 0, 0, 8;
    %assign/vec4 v0x564ef345df80_0, 0;
    %pushi/vec4 0, 0, 16;
    %assign/vec4 v0x564ef3461150_0, 0;
    %jmp T_16.1;
T_16.0 ;
    %load/vec4 v0x564ef3461070_0;
    %dup/vec4;
    %pushi/vec4 0, 0, 3;
    %cmp/u;
    %jmp/1 T_16.2, 6;
    %dup/vec4;
    %pushi/vec4 1, 0, 3;
    %cmp/u;
    %jmp/1 T_16.3, 6;
    %dup/vec4;
    %pushi/vec4 2, 0, 3;
    %cmp/u;
    %jmp/1 T_16.4, 6;
    %jmp T_16.5;
T_16.2 ;
    %load/vec4 v0x564ef3464290_0;
    %cmpi/e 1, 0, 3;
    %jmp/0xz  T_16.6, 4;
    %pushi/vec4 1, 0, 3;
    %assign/vec4 v0x564ef3461070_0, 0;
    %pushi/vec4 1, 0, 1;
    %assign/vec4 v0x564ef345af20_0, 0;
    %load/vec4 v0x564ef34673c0_0;
    %assign/vec4 v0x564ef345df80_0, 0;
T_16.6 ;
    %jmp T_16.5;
T_16.3 ;
    %load/vec4 v0x564ef345ae60_0;
    %flag_set/vec4 8;
    %jmp/0xz  T_16.8, 8;
    %pushi/vec4 2, 0, 3;
    %assign/vec4 v0x564ef3461070_0, 0;
    %load/vec4 v0x564ef345e040_0;
    %assign/vec4 v0x564ef3461150_0, 0;
    %pushi/vec4 0, 0, 1;
    %assign/vec4 v0x564ef345af20_0, 0;
T_16.8 ;
    %jmp T_16.5;
T_16.4 ;
    %load/vec4 v0x564ef3464290_0;
    %cmpi/e 2, 0, 3;
    %jmp/0xz  T_16.10, 4;
    %pushi/vec4 0, 0, 3;
    %assign/vec4 v0x564ef3461070_0, 0;
T_16.10 ;
    %jmp T_16.5;
T_16.5 ;
    %pop/vec4 1;
T_16.1 ;
    %jmp T_16;
    .thread T_16;
    .scope S_0x564ef3448770;
T_17 ;
    %wait E_0x564ef33581a0;
    %load/vec4 v0x564ef34706c0_0;
    %flag_set/vec4 8;
    %jmp/0xz  T_17.0, 8;
    %pushi/vec4 0, 0, 4;
    %assign/vec4 v0x564ef3405d00_0, 0;
    %pushi/vec4 0, 0, 4;
    %assign/vec4 v0x564ef33e0dd0_0, 0;
    %pushi/vec4 0, 0, 4;
    %assign/vec4 v0x564ef3473700_0, 0;
    %pushi/vec4 0, 0, 8;
    %assign/vec4 v0x564ef337d2b0_0, 0;
    %pushi/vec4 0, 0, 3;
    %assign/vec4 v0x564ef3418060_0, 0;
    %pushi/vec4 0, 0, 1;
    %assign/vec4 v0x564ef33f3960_0, 0;
    %pushi/vec4 0, 0, 1;
    %assign/vec4 v0x564ef33e5f70_0, 0;
    %pushi/vec4 0, 0, 1;
    %assign/vec4 v0x564ef33e6030_0, 0;
    %pushi/vec4 0, 0, 1;
    %assign/vec4 v0x564ef3418140_0, 0;
    %pushi/vec4 0, 0, 2;
    %assign/vec4 v0x564ef33f3880_0, 0;
    %pushi/vec4 0, 0, 2;
    %assign/vec4 v0x564ef3361110_0, 0;
    %pushi/vec4 0, 0, 1;
    %assign/vec4 v0x564ef3326060_0, 0;
    %pushi/vec4 0, 0, 1;
    %assign/vec4 v0x564ef3405c60_0, 0;
    %pushi/vec4 0, 0, 1;
    %assign/vec4 v0x564ef33e0d10_0, 0;
    %pushi/vec4 0, 0, 1;
    %assign/vec4 v0x564ef34737e0_0, 0;
    %jmp T_17.1;
T_17.0 ;
    %load/vec4 v0x564ef3431b50_0;
    %cmpi/e 2, 0, 3;
    %jmp/0xz  T_17.2, 4;
    %load/vec4 v0x564ef34705e0_0;
    %parti/s 4, 8, 5;
    %assign/vec4 v0x564ef3405d00_0, 0;
    %load/vec4 v0x564ef34705e0_0;
    %parti/s 4, 4, 4;
    %assign/vec4 v0x564ef33e0dd0_0, 0;
    %load/vec4 v0x564ef34705e0_0;
    %parti/s 4, 0, 2;
    %assign/vec4 v0x564ef3473700_0, 0;
    %load/vec4 v0x564ef34705e0_0;
    %parti/s 8, 0, 2;
    %assign/vec4 v0x564ef337d2b0_0, 0;
    %load/vec4 v0x564ef34705e0_0;
    %parti/s 3, 9, 5;
    %assign/vec4 v0x564ef3418060_0, 0;
    %pushi/vec4 0, 0, 1;
    %assign/vec4 v0x564ef33f3960_0, 0;
    %pushi/vec4 0, 0, 1;
    %assign/vec4 v0x564ef33e5f70_0, 0;
    %pushi/vec4 0, 0, 1;
    %assign/vec4 v0x564ef33e6030_0, 0;
    %pushi/vec4 0, 0, 1;
    %assign/vec4 v0x564ef3418140_0, 0;
    %pushi/vec4 0, 0, 2;
    %assign/vec4 v0x564ef33f3880_0, 0;
    %pushi/vec4 0, 0, 2;
    %assign/vec4 v0x564ef3361110_0, 0;
    %pushi/vec4 0, 0, 1;
    %assign/vec4 v0x564ef3326060_0, 0;
    %pushi/vec4 0, 0, 1;
    %assign/vec4 v0x564ef3405c60_0, 0;
    %pushi/vec4 0, 0, 1;
    %assign/vec4 v0x564ef33e0d10_0, 0;
    %pushi/vec4 0, 0, 1;
    %assign/vec4 v0x564ef34737e0_0, 0;
    %load/vec4 v0x564ef34705e0_0;
    %parti/s 4, 12, 5;
    %dup/vec4;
    %pushi/vec4 0, 0, 4;
    %cmp/u;
    %jmp/1 T_17.4, 6;
    %dup/vec4;
    %pushi/vec4 1, 0, 4;
    %cmp/u;
    %jmp/1 T_17.5, 6;
    %dup/vec4;
    %pushi/vec4 2, 0, 4;
    %cmp/u;
    %jmp/1 T_17.6, 6;
    %dup/vec4;
    %pushi/vec4 3, 0, 4;
    %cmp/u;
    %jmp/1 T_17.7, 6;
    %dup/vec4;
    %pushi/vec4 4, 0, 4;
    %cmp/u;
    %jmp/1 T_17.8, 6;
    %dup/vec4;
    %pushi/vec4 5, 0, 4;
    %cmp/u;
    %jmp/1 T_17.9, 6;
    %dup/vec4;
    %pushi/vec4 6, 0, 4;
    %cmp/u;
    %jmp/1 T_17.10, 6;
    %dup/vec4;
    %pushi/vec4 7, 0, 4;
    %cmp/u;
    %jmp/1 T_17.11, 6;
    %dup/vec4;
    %pushi/vec4 8, 0, 4;
    %cmp/u;
    %jmp/1 T_17.12, 6;
    %dup/vec4;
    %pushi/vec4 9, 0, 4;
    %cmp/u;
    %jmp/1 T_17.13, 6;
    %dup/vec4;
    %pushi/vec4 10, 0, 4;
    %cmp/u;
    %jmp/1 T_17.14, 6;
    %dup/vec4;
    %pushi/vec4 15, 0, 4;
    %cmp/u;
    %jmp/1 T_17.15, 6;
    %jmp T_17.17;
T_17.4 ;
    %jmp T_17.17;
T_17.5 ;
    %pushi/vec4 1, 0, 1;
    %assign/vec4 v0x564ef3405c60_0, 0;
    %jmp T_17.17;
T_17.6 ;
    %pushi/vec4 1, 0, 1;
    %assign/vec4 v0x564ef3326060_0, 0;
    %pushi/vec4 1, 0, 1;
    %assign/vec4 v0x564ef3418140_0, 0;
    %jmp T_17.17;
T_17.7 ;
    %pushi/vec4 1, 0, 1;
    %assign/vec4 v0x564ef33f3960_0, 0;
    %pushi/vec4 0, 0, 2;
    %assign/vec4 v0x564ef33f3880_0, 0;
    %pushi/vec4 0, 0, 2;
    %assign/vec4 v0x564ef3361110_0, 0;
    %jmp T_17.17;
T_17.8 ;
    %pushi/vec4 1, 0, 1;
    %assign/vec4 v0x564ef33f3960_0, 0;
    %pushi/vec4 0, 0, 2;
    %assign/vec4 v0x564ef33f3880_0, 0;
    %pushi/vec4 1, 0, 2;
    %assign/vec4 v0x564ef3361110_0, 0;
    %jmp T_17.17;
T_17.9 ;
    %pushi/vec4 1, 0, 1;
    %assign/vec4 v0x564ef33f3960_0, 0;
    %pushi/vec4 0, 0, 2;
    %assign/vec4 v0x564ef33f3880_0, 0;
    %pushi/vec4 2, 0, 2;
    %assign/vec4 v0x564ef3361110_0, 0;
    %jmp T_17.17;
T_17.10 ;
    %pushi/vec4 1, 0, 1;
    %assign/vec4 v0x564ef33f3960_0, 0;
    %pushi/vec4 0, 0, 2;
    %assign/vec4 v0x564ef33f3880_0, 0;
    %pushi/vec4 3, 0, 2;
    %assign/vec4 v0x564ef3361110_0, 0;
    %jmp T_17.17;
T_17.11 ;
    %pushi/vec4 1, 0, 1;
    %assign/vec4 v0x564ef33f3960_0, 0;
    %pushi/vec4 1, 0, 2;
    %assign/vec4 v0x564ef33f3880_0, 0;
    %pushi/vec4 1, 0, 1;
    %assign/vec4 v0x564ef33e5f70_0, 0;
    %jmp T_17.17;
T_17.12 ;
    %pushi/vec4 1, 0, 1;
    %assign/vec4 v0x564ef33e6030_0, 0;
    %jmp T_17.17;
T_17.13 ;
    %pushi/vec4 1, 0, 1;
    %assign/vec4 v0x564ef33f3960_0, 0;
    %pushi/vec4 2, 0, 2;
    %assign/vec4 v0x564ef33f3880_0, 0;
    %jmp T_17.17;
T_17.14 ;
    %pushi/vec4 1, 0, 1;
    %assign/vec4 v0x564ef34737e0_0, 0;
    %load/vec4 v0x564ef34705e0_0;
    %parti/s 4, 8, 5;
    %assign/vec4 v0x564ef33e0dd0_0, 0;
    %load/vec4 v0x564ef34705e0_0;
    %parti/s 4, 4, 4;
    %assign/vec4 v0x564ef3473700_0, 0;
    %load/vec4 v0x564ef34705e0_0;
    %parti/s 4, 0, 2;
    %assign/vec4 v0x564ef3405d00_0, 0;
    %jmp T_17.17;
T_17.15 ;
    %pushi/vec4 1, 0, 1;
    %assign/vec4 v0x564ef33e0d10_0, 0;
    %jmp T_17.17;
T_17.17 ;
    %pop/vec4 1;
T_17.2 ;
T_17.1 ;
    %jmp T_17;
    .thread T_17;
    .scope S_0x564ef3452710;
T_18 ;
    %wait E_0x564ef33581a0;
    %load/vec4 v0x564ef335d420_0;
    %flag_set/vec4 8;
    %jmp/0xz  T_18.0, 8;
    %pushi/vec4 0, 0, 8;
    %assign/vec4 v0x564ef3321f80_0, 0;
    %pushi/vec4 0, 0, 3;
    %assign/vec4 v0x564ef333b470_0, 0;
    %pushi/vec4 0, 0, 1;
    %assign/vec4 v0x564ef3322280_0, 0;
    %jmp T_18.1;
T_18.0 ;
    %load/vec4 v0x564ef333b470_0;
    %dup/vec4;
    %pushi/vec4 0, 0, 3;
    %cmp/u;
    %jmp/1 T_18.2, 6;
    %dup/vec4;
    %pushi/vec4 1, 0, 3;
    %cmp/u;
    %jmp/1 T_18.3, 6;
    %dup/vec4;
    %pushi/vec4 2, 0, 3;
    %cmp/u;
    %jmp/1 T_18.4, 6;
    %dup/vec4;
    %pushi/vec4 3, 0, 3;
    %cmp/u;
    %jmp/1 T_18.5, 6;
    %dup/vec4;
    %pushi/vec4 4, 0, 3;
    %cmp/u;
    %jmp/1 T_18.6, 6;
    %dup/vec4;
    %pushi/vec4 5, 0, 3;
    %cmp/u;
    %jmp/1 T_18.7, 6;
    %dup/vec4;
    %pushi/vec4 6, 0, 3;
    %cmp/u;
    %jmp/1 T_18.8, 6;
    %dup/vec4;
    %pushi/vec4 7, 0, 3;
    %cmp/u;
    %jmp/1 T_18.9, 6;
    %jmp T_18.10;
T_18.2 ;
    %load/vec4 v0x564ef335d4c0_0;
    %flag_set/vec4 8;
    %jmp/0xz  T_18.11, 8;
    %pushi/vec4 1, 0, 3;
    %assign/vec4 v0x564ef333b470_0, 0;
T_18.11 ;
    %jmp T_18.10;
T_18.3 ;
    %load/vec4 v0x564ef32e7240_0;
    %cmpi/e 2, 0, 3;
    %jmp/0xz  T_18.13, 4;
    %pushi/vec4 2, 0, 3;
    %assign/vec4 v0x564ef333b470_0, 0;
T_18.13 ;
    %jmp T_18.10;
T_18.4 ;
    %pushi/vec4 3, 0, 3;
    %assign/vec4 v0x564ef333b470_0, 0;
    %jmp T_18.10;
T_18.5 ;
    %pushi/vec4 4, 0, 3;
    %assign/vec4 v0x564ef333b470_0, 0;
    %jmp T_18.10;
T_18.6 ;
    %pushi/vec4 0, 0, 1;
    %store/vec4 v0x564ef333b2a0_0, 0, 1;
    %pushi/vec4 0, 0, 32;
    %store/vec4 v0x564ef32e72e0_0, 0, 32;
T_18.15 ;
    %load/vec4 v0x564ef32e72e0_0;
    %cmpi/s 4, 0, 32;
    %jmp/0xz T_18.16, 5;
    %ix/getv/s 4, v0x564ef32e72e0_0;
    %load/vec4a v0x564ef32e7380, 4;
    %cmpi/e 1, 0, 2;
    %flag_mov 8, 4;
    %ix/getv/s 4, v0x564ef32e72e0_0;
    %load/vec4a v0x564ef32e7380, 4;
    %cmpi/e 2, 0, 2;
    %flag_or 4, 8;
    %jmp/0xz  T_18.17, 4;
    %pushi/vec4 1, 0, 1;
    %store/vec4 v0x564ef333b2a0_0, 0, 1;
T_18.17 ;
    %load/vec4 v0x564ef32e72e0_0;
    %addi 1, 0, 32;
    %store/vec4 v0x564ef32e72e0_0, 0, 32;
    %jmp T_18.15;
T_18.16 ;
    %load/vec4 v0x564ef333b2a0_0;
    %nor/r;
    %flag_set/vec4 8;
    %jmp/0xz  T_18.19, 8;
    %pushi/vec4 5, 0, 3;
    %assign/vec4 v0x564ef333b470_0, 0;
T_18.19 ;
    %jmp T_18.10;
T_18.7 ;
    %pushi/vec4 6, 0, 3;
    %assign/vec4 v0x564ef333b470_0, 0;
    %jmp T_18.10;
T_18.8 ;
    %load/vec4 v0x564ef33221b0_0;
    %flag_set/vec4 8;
    %jmp/0xz  T_18.21, 8;
    %pushi/vec4 1, 0, 1;
    %assign/vec4 v0x564ef3322280_0, 0;
    %pushi/vec4 7, 0, 3;
    %assign/vec4 v0x564ef333b470_0, 0;
    %jmp T_18.22;
T_18.21 ;
    %ix/load 4, 3, 0;
    %flag_set/imm 4, 0;
    %load/vec4a v0x564ef32e74d0, 4;
    %assign/vec4 v0x564ef3321f80_0, 0;
    %pushi/vec4 1, 0, 3;
    %assign/vec4 v0x564ef333b470_0, 0;
T_18.22 ;
    %jmp T_18.10;
T_18.9 ;
    %jmp T_18.10;
T_18.10 ;
    %pop/vec4 1;
T_18.1 ;
    %jmp T_18;
    .thread T_18;
    .scope S_0x564ef3493c50;
T_19 ;
    %wait E_0x564ef33581a0;
    %load/vec4 v0x564ef3495260_0;
    %flag_set/vec4 8;
    %jmp/0xz  T_19.0, 8;
    %pushi/vec4 0, 0, 3;
    %assign/vec4 v0x564ef34959f0_0, 0;
    %pushi/vec4 0, 0, 1;
    %assign/vec4 v0x564ef3494620_0, 0;
    %pushi/vec4 0, 0, 1;
    %assign/vec4 v0x564ef3494b90_0, 0;
    %pushi/vec4 0, 0, 1;
    %assign/vec4 v0x564ef3494ed0_0, 0;
    %pushi/vec4 0, 0, 1;
    %assign/vec4 v0x564ef3495300_0, 0;
    %pushi/vec4 0, 0, 6;
    %assign/vec4 v0x564ef34947a0_0, 0;
    %pushi/vec4 0, 0, 6;
    %assign/vec4 v0x564ef3495ad0_0, 0;
    %pushi/vec4 0, 0, 3;
    %assign/vec4 v0x564ef34944a0_0, 0;
    %pushi/vec4 0, 0, 3;
    %assign/vec4 v0x564ef3494300_0, 0;
    %pushi/vec4 0, 0, 3;
    %assign/vec4 v0x564ef3494f90_0, 0;
    %pushi/vec4 0, 0, 4;
    %assign/vec4 v0x564ef3495070_0, 0;
    %jmp T_19.1;
T_19.0 ;
    %pushi/vec4 0, 0, 1;
    %assign/vec4 v0x564ef3494b90_0, 0;
    %pushi/vec4 0, 0, 1;
    %assign/vec4 v0x564ef3494ed0_0, 0;
    %pushi/vec4 0, 0, 1;
    %assign/vec4 v0x564ef3495300_0, 0;
    %pushi/vec4 0, 0, 1;
    %assign/vec4 v0x564ef3494620_0, 0;
    %load/vec4 v0x564ef34959f0_0;
    %dup/vec4;
    %pushi/vec4 0, 0, 3;
    %cmp/u;
    %jmp/1 T_19.2, 6;
    %dup/vec4;
    %pushi/vec4 1, 0, 3;
    %cmp/u;
    %jmp/1 T_19.3, 6;
    %dup/vec4;
    %pushi/vec4 2, 0, 3;
    %cmp/u;
    %jmp/1 T_19.4, 6;
    %dup/vec4;
    %pushi/vec4 3, 0, 3;
    %cmp/u;
    %jmp/1 T_19.5, 6;
    %dup/vec4;
    %pushi/vec4 4, 0, 3;
    %cmp/u;
    %jmp/1 T_19.6, 6;
    %dup/vec4;
    %pushi/vec4 5, 0, 3;
    %cmp/u;
    %jmp/1 T_19.7, 6;
    %pushi/vec4 0, 0, 3;
    %assign/vec4 v0x564ef34959f0_0, 0;
    %jmp T_19.9;
T_19.2 ;
    %load/vec4 v0x564ef3495930_0;
    %flag_set/vec4 8;
    %jmp/0xz  T_19.10, 8;
    %pushi/vec4 1, 0, 3;
    %assign/vec4 v0x564ef34959f0_0, 0;
    %pushi/vec4 0, 0, 6;
    %assign/vec4 v0x564ef34947a0_0, 0;
    %pushi/vec4 0, 0, 3;
    %assign/vec4 v0x564ef3494300_0, 0;
T_19.10 ;
    %jmp T_19.9;
T_19.3 ;
    %pushi/vec4 1, 0, 1;
    %assign/vec4 v0x564ef3494b90_0, 0;
    %pushi/vec4 0, 0, 8;
    %load/vec4 v0x564ef34947a0_0;
    %pad/u 8;
    %add;
    %assign/vec4 v0x564ef3494880_0, 0;
    %load/vec4 v0x564ef3494ad0_0;
    %flag_set/vec4 8;
    %jmp/0xz  T_19.12, 8;
    %load/vec4 v0x564ef3494960_0;
    %load/vec4 v0x564ef34947a0_0;
    %ix/load 5, 2, 0;
    %flag_set/imm 4, 0;
    %shiftr 5;
    %ix/vec4 4;
    %flag_mov 8, 4;
    %load/vec4 v0x564ef3494300_0;
    %pad/u 32;
    %muli 8, 0, 32;
    %ix/vec4 5;
    %flag_or 8, 4;
    %ix/load 6, 0, 0; Constant delay
    %ix/mov 3, 4;
    %flag_mov 4, 8;
    %assign/vec4/a/d v0x564ef34946e0, 5, 6;
    %load/vec4 v0x564ef3494300_0;
    %addi 1, 0, 3;
    %assign/vec4 v0x564ef3494300_0, 0;
    %load/vec4 v0x564ef3494300_0;
    %pad/u 32;
    %cmpi/e 3, 0, 32;
    %jmp/0xz  T_19.14, 4;
    %pushi/vec4 0, 0, 3;
    %assign/vec4 v0x564ef3494300_0, 0;
    %load/vec4 v0x564ef34947a0_0;
    %addi 1, 0, 6;
    %assign/vec4 v0x564ef34947a0_0, 0;
    %load/vec4 v0x564ef34947a0_0;
    %pad/u 32;
    %cmpi/e 31, 0, 32;
    %jmp/0xz  T_19.16, 4;
    %pushi/vec4 2, 0, 3;
    %assign/vec4 v0x564ef34959f0_0, 0;
T_19.16 ;
T_19.14 ;
T_19.12 ;
    %jmp T_19.9;
T_19.4 ;
    %ix/load 4, 0, 0;
    %flag_set/imm 4, 0;
    %load/vec4a v0x564ef34946e0, 4;
    %ix/load 3, 0, 0;
    %flag_set/imm 4, 0;
    %ix/load 4, 0, 0; Constant delay
    %assign/vec4/a/d v0x564ef34953c0, 0, 4;
    %ix/load 4, 1, 0;
    %flag_set/imm 4, 0;
    %load/vec4a v0x564ef34946e0, 4;
    %ix/load 3, 1, 0;
    %flag_set/imm 4, 0;
    %ix/load 4, 0, 0; Constant delay
    %assign/vec4/a/d v0x564ef34953c0, 0, 4;
    %ix/load 4, 2, 0;
    %flag_set/imm 4, 0;
    %load/vec4a v0x564ef34946e0, 4;
    %ix/load 3, 2, 0;
    %flag_set/imm 4, 0;
    %ix/load 4, 0, 0; Constant delay
    %assign/vec4/a/d v0x564ef34953c0, 0, 4;
    %ix/load 4, 3, 0;
    %flag_set/imm 4, 0;
    %load/vec4a v0x564ef34946e0, 4;
    %ix/load 3, 3, 0;
    %flag_set/imm 4, 0;
    %ix/load 4, 0, 0; Constant delay
    %assign/vec4/a/d v0x564ef34953c0, 0, 4;
    %ix/load 4, 4, 0;
    %flag_set/imm 4, 0;
    %load/vec4a v0x564ef34946e0, 4;
    %ix/load 3, 0, 0;
    %flag_set/imm 4, 0;
    %ix/load 4, 0, 0; Constant delay
    %assign/vec4/a/d v0x564ef34957c0, 0, 4;
    %ix/load 4, 5, 0;
    %flag_set/imm 4, 0;
    %load/vec4a v0x564ef34946e0, 4;
    %ix/load 3, 1, 0;
    %flag_set/imm 4, 0;
    %ix/load 4, 0, 0; Constant delay
    %assign/vec4/a/d v0x564ef34957c0, 0, 4;
    %ix/load 4, 6, 0;
    %flag_set/imm 4, 0;
    %load/vec4a v0x564ef34946e0, 4;
    %ix/load 3, 2, 0;
    %flag_set/imm 4, 0;
    %ix/load 4, 0, 0; Constant delay
    %assign/vec4/a/d v0x564ef34957c0, 0, 4;
    %ix/load 4, 7, 0;
    %flag_set/imm 4, 0;
    %load/vec4a v0x564ef34946e0, 4;
    %ix/load 3, 3, 0;
    %flag_set/imm 4, 0;
    %ix/load 4, 0, 0; Constant delay
    %assign/vec4/a/d v0x564ef34957c0, 0, 4;
    %pushi/vec4 3, 0, 3;
    %assign/vec4 v0x564ef34959f0_0, 0;
    %pushi/vec4 0, 0, 3;
    %assign/vec4 v0x564ef34944a0_0, 0;
    %jmp T_19.9;
T_19.5 ;
    %pushi/vec4 1, 0, 1;
    %assign/vec4 v0x564ef3495300_0, 0;
    %load/vec4 v0x564ef34944a0_0;
    %addi 1, 0, 3;
    %assign/vec4 v0x564ef34944a0_0, 0;
    %load/vec4 v0x564ef34944a0_0;
    %pad/u 32;
    %cmpi/e 7, 0, 32;
    %jmp/0xz  T_19.18, 4;
    %pushi/vec4 4, 0, 3;
    %assign/vec4 v0x564ef34959f0_0, 0;
    %pushi/vec4 0, 0, 6;
    %assign/vec4 v0x564ef3495ad0_0, 0;
    %pushi/vec4 0, 0, 3;
    %assign/vec4 v0x564ef3494f90_0, 0;
    %pushi/vec4 0, 0, 4;
    %assign/vec4 v0x564ef3495070_0, 0;
    %ix/load 4, 0, 0;
    %flag_set/imm 4, 0;
    %load/vec4a v0x564ef3495500, 4;
    %assign/vec4 v0x564ef3494540_0, 0;
T_19.18 ;
    %jmp T_19.9;
T_19.6 ;
    %pushi/vec4 1, 0, 1;
    %assign/vec4 v0x564ef3494ed0_0, 0;
    %pushi/vec4 64, 0, 8;
    %load/vec4 v0x564ef3495ad0_0;
    %pad/u 8;
    %add;
    %assign/vec4 v0x564ef3494c50_0, 0;
    %load/vec4 v0x564ef3494540_0;
    %load/vec4 v0x564ef3494f90_0;
    %pad/u 32;
    %muli 8, 0, 32;
    %part/u 8;
    %assign/vec4 v0x564ef3494d30_0, 0;
    %load/vec4 v0x564ef3494e10_0;
    %flag_set/vec4 8;
    %jmp/0xz  T_19.20, 8;
    %load/vec4 v0x564ef3494f90_0;
    %addi 1, 0, 3;
    %assign/vec4 v0x564ef3494f90_0, 0;
    %load/vec4 v0x564ef3494f90_0;
    %pad/u 32;
    %cmpi/e 7, 0, 32;
    %jmp/0xz  T_19.22, 4;
    %pushi/vec4 0, 0, 3;
    %assign/vec4 v0x564ef3494f90_0, 0;
    %load/vec4 v0x564ef3495ad0_0;
    %addi 1, 0, 6;
    %assign/vec4 v0x564ef3495ad0_0, 0;
    %load/vec4 v0x564ef3495070_0;
    %addi 1, 0, 4;
    %assign/vec4 v0x564ef3495070_0, 0;
    %load/vec4 v0x564ef3495070_0;
    %pad/u 32;
    %cmpi/e 15, 0, 32;
    %jmp/0xz  T_19.24, 4;
    %pushi/vec4 5, 0, 3;
    %assign/vec4 v0x564ef34959f0_0, 0;
    %jmp T_19.25;
T_19.24 ;
    %load/vec4 v0x564ef3495070_0;
    %pad/u 33;
    %addi 1, 0, 33;
    %ix/vec4 4;
    %load/vec4a v0x564ef3495500, 4;
    %assign/vec4 v0x564ef3494540_0, 0;
T_19.25 ;
T_19.22 ;
T_19.20 ;
    %jmp T_19.9;
T_19.7 ;
    %pushi/vec4 1, 0, 1;
    %assign/vec4 v0x564ef3494620_0, 0;
    %pushi/vec4 0, 0, 3;
    %assign/vec4 v0x564ef34959f0_0, 0;
    %jmp T_19.9;
T_19.9 ;
    %pop/vec4 1;
T_19.1 ;
    %jmp T_19;
    .thread T_19;
    .scope S_0x564ef3496610;
T_20 ;
    %wait E_0x564ef33581a0;
    %load/vec4 v0x564ef3496e50_0;
    %flag_set/vec4 8;
    %jmp/0xz  T_20.0, 8;
    %pushi/vec4 0, 0, 32;
    %assign/vec4 v0x564ef3496d70_0, 0;
    %pushi/vec4 0, 0, 32;
    %assign/vec4 v0x564ef3496c40_0, 0;
    %pushi/vec4 0, 0, 64;
    %assign/vec4 v0x564ef3496ef0_0, 0;
    %jmp T_20.1;
T_20.0 ;
    %load/vec4 v0x564ef3496ab0_0;
    %assign/vec4 v0x564ef3496d70_0, 0;
    %load/vec4 v0x564ef3496b80_0;
    %assign/vec4 v0x564ef3496c40_0, 0;
    %load/vec4 v0x564ef34969c0_0;
    %flag_set/vec4 8;
    %jmp/0xz  T_20.2, 8;
    %load/vec4 v0x564ef3496ef0_0;
    %pushi/vec4 0, 0, 32;
    %load/vec4 v0x564ef3496ab0_0;
    %concat/vec4; draw_concat_vec4
    %pushi/vec4 0, 0, 32;
    %load/vec4 v0x564ef3496b80_0;
    %concat/vec4; draw_concat_vec4
    %mul;
    %add;
    %assign/vec4 v0x564ef3496ef0_0, 0;
T_20.2 ;
T_20.1 ;
    %jmp T_20;
    .thread T_20;
    .scope S_0x564ef3497530;
T_21 ;
    %wait E_0x564ef33581a0;
    %load/vec4 v0x564ef3497d80_0;
    %flag_set/vec4 8;
    %jmp/0xz  T_21.0, 8;
    %pushi/vec4 0, 0, 32;
    %assign/vec4 v0x564ef3497ca0_0, 0;
    %pushi/vec4 0, 0, 32;
    %assign/vec4 v0x564ef3497b70_0, 0;
    %pushi/vec4 0, 0, 64;
    %assign/vec4 v0x564ef3497e20_0, 0;
    %jmp T_21.1;
T_21.0 ;
    %load/vec4 v0x564ef34979f0_0;
    %assign/vec4 v0x564ef3497ca0_0, 0;
    %load/vec4 v0x564ef3497a90_0;
    %assign/vec4 v0x564ef3497b70_0, 0;
    %load/vec4 v0x564ef34978e0_0;
    %flag_set/vec4 8;
    %jmp/0xz  T_21.2, 8;
    %load/vec4 v0x564ef3497e20_0;
    %pushi/vec4 0, 0, 32;
    %load/vec4 v0x564ef34979f0_0;
    %concat/vec4; draw_concat_vec4
    %pushi/vec4 0, 0, 32;
    %load/vec4 v0x564ef3497a90_0;
    %concat/vec4; draw_concat_vec4
    %mul;
    %add;
    %assign/vec4 v0x564ef3497e20_0, 0;
T_21.2 ;
T_21.1 ;
    %jmp T_21;
    .thread T_21;
    .scope S_0x564ef3498470;
T_22 ;
    %wait E_0x564ef33581a0;
    %load/vec4 v0x564ef3498ca0_0;
    %flag_set/vec4 8;
    %jmp/0xz  T_22.0, 8;
    %pushi/vec4 0, 0, 32;
    %assign/vec4 v0x564ef3498bc0_0, 0;
    %pushi/vec4 0, 0, 32;
    %assign/vec4 v0x564ef3498a90_0, 0;
    %pushi/vec4 0, 0, 64;
    %assign/vec4 v0x564ef3498d40_0, 0;
    %jmp T_22.1;
T_22.0 ;
    %load/vec4 v0x564ef34988e0_0;
    %assign/vec4 v0x564ef3498bc0_0, 0;
    %load/vec4 v0x564ef34989b0_0;
    %assign/vec4 v0x564ef3498a90_0, 0;
    %load/vec4 v0x564ef3498820_0;
    %flag_set/vec4 8;
    %jmp/0xz  T_22.2, 8;
    %load/vec4 v0x564ef3498d40_0;
    %pushi/vec4 0, 0, 32;
    %load/vec4 v0x564ef34988e0_0;
    %concat/vec4; draw_concat_vec4
    %pushi/vec4 0, 0, 32;
    %load/vec4 v0x564ef34989b0_0;
    %concat/vec4; draw_concat_vec4
    %mul;
    %add;
    %assign/vec4 v0x564ef3498d40_0, 0;
T_22.2 ;
T_22.1 ;
    %jmp T_22;
    .thread T_22;
    .scope S_0x564ef3499380;
T_23 ;
    %wait E_0x564ef33581a0;
    %load/vec4 v0x564ef3499b60_0;
    %flag_set/vec4 8;
    %jmp/0xz  T_23.0, 8;
    %pushi/vec4 0, 0, 32;
    %assign/vec4 v0x564ef3499a80_0, 0;
    %pushi/vec4 0, 0, 32;
    %assign/vec4 v0x564ef34999a0_0, 0;
    %pushi/vec4 0, 0, 64;
    %assign/vec4 v0x564ef3499c00_0, 0;
    %jmp T_23.1;
T_23.0 ;
    %load/vec4 v0x564ef34997f0_0;
    %assign/vec4 v0x564ef3499a80_0, 0;
    %load/vec4 v0x564ef34998c0_0;
    %assign/vec4 v0x564ef34999a0_0, 0;
    %load/vec4 v0x564ef3499730_0;
    %flag_set/vec4 8;
    %jmp/0xz  T_23.2, 8;
    %load/vec4 v0x564ef3499c00_0;
    %pushi/vec4 0, 0, 32;
    %load/vec4 v0x564ef34997f0_0;
    %concat/vec4; draw_concat_vec4
    %pushi/vec4 0, 0, 32;
    %load/vec4 v0x564ef34998c0_0;
    %concat/vec4; draw_concat_vec4
    %mul;
    %add;
    %assign/vec4 v0x564ef3499c00_0, 0;
T_23.2 ;
T_23.1 ;
    %jmp T_23;
    .thread T_23;
    .scope S_0x564ef349a510;
T_24 ;
    %wait E_0x564ef33581a0;
    %load/vec4 v0x564ef349ad40_0;
    %flag_set/vec4 8;
    %jmp/0xz  T_24.0, 8;
    %pushi/vec4 0, 0, 32;
    %assign/vec4 v0x564ef349ac60_0, 0;
    %pushi/vec4 0, 0, 32;
    %assign/vec4 v0x564ef349ab30_0, 0;
    %pushi/vec4 0, 0, 64;
    %assign/vec4 v0x564ef349ade0_0, 0;
    %jmp T_24.1;
T_24.0 ;
    %load/vec4 v0x564ef349a980_0;
    %assign/vec4 v0x564ef349ac60_0, 0;
    %load/vec4 v0x564ef349aa50_0;
    %assign/vec4 v0x564ef349ab30_0, 0;
    %load/vec4 v0x564ef349a8c0_0;
    %flag_set/vec4 8;
    %jmp/0xz  T_24.2, 8;
    %load/vec4 v0x564ef349ade0_0;
    %pushi/vec4 0, 0, 32;
    %load/vec4 v0x564ef349a980_0;
    %concat/vec4; draw_concat_vec4
    %pushi/vec4 0, 0, 32;
    %load/vec4 v0x564ef349aa50_0;
    %concat/vec4; draw_concat_vec4
    %mul;
    %add;
    %assign/vec4 v0x564ef349ade0_0, 0;
T_24.2 ;
T_24.1 ;
    %jmp T_24;
    .thread T_24;
    .scope S_0x564ef349b420;
T_25 ;
    %wait E_0x564ef33581a0;
    %load/vec4 v0x564ef349bc50_0;
    %flag_set/vec4 8;
    %jmp/0xz  T_25.0, 8;
    %pushi/vec4 0, 0, 32;
    %assign/vec4 v0x564ef349bb70_0, 0;
    %pushi/vec4 0, 0, 32;
    %assign/vec4 v0x564ef349ba40_0, 0;
    %pushi/vec4 0, 0, 64;
    %assign/vec4 v0x564ef349bcf0_0, 0;
    %jmp T_25.1;
T_25.0 ;
    %load/vec4 v0x564ef349b890_0;
    %assign/vec4 v0x564ef349bb70_0, 0;
    %load/vec4 v0x564ef349b960_0;
    %assign/vec4 v0x564ef349ba40_0, 0;
    %load/vec4 v0x564ef349b7d0_0;
    %flag_set/vec4 8;
    %jmp/0xz  T_25.2, 8;
    %load/vec4 v0x564ef349bcf0_0;
    %pushi/vec4 0, 0, 32;
    %load/vec4 v0x564ef349b890_0;
    %concat/vec4; draw_concat_vec4
    %pushi/vec4 0, 0, 32;
    %load/vec4 v0x564ef349b960_0;
    %concat/vec4; draw_concat_vec4
    %mul;
    %add;
    %assign/vec4 v0x564ef349bcf0_0, 0;
T_25.2 ;
T_25.1 ;
    %jmp T_25;
    .thread T_25;
    .scope S_0x564ef349c340;
T_26 ;
    %wait E_0x564ef33581a0;
    %load/vec4 v0x564ef349cb70_0;
    %flag_set/vec4 8;
    %jmp/0xz  T_26.0, 8;
    %pushi/vec4 0, 0, 32;
    %assign/vec4 v0x564ef349ca90_0, 0;
    %pushi/vec4 0, 0, 32;
    %assign/vec4 v0x564ef349c960_0, 0;
    %pushi/vec4 0, 0, 64;
    %assign/vec4 v0x564ef349cc10_0, 0;
    %jmp T_26.1;
T_26.0 ;
    %load/vec4 v0x564ef349c7b0_0;
    %assign/vec4 v0x564ef349ca90_0, 0;
    %load/vec4 v0x564ef349c880_0;
    %assign/vec4 v0x564ef349c960_0, 0;
    %load/vec4 v0x564ef349c6f0_0;
    %flag_set/vec4 8;
    %jmp/0xz  T_26.2, 8;
    %load/vec4 v0x564ef349cc10_0;
    %pushi/vec4 0, 0, 32;
    %load/vec4 v0x564ef349c7b0_0;
    %concat/vec4; draw_concat_vec4
    %pushi/vec4 0, 0, 32;
    %load/vec4 v0x564ef349c880_0;
    %concat/vec4; draw_concat_vec4
    %mul;
    %add;
    %assign/vec4 v0x564ef349cc10_0, 0;
T_26.2 ;
T_26.1 ;
    %jmp T_26;
    .thread T_26;
    .scope S_0x564ef349d250;
T_27 ;
    %wait E_0x564ef33581a0;
    %load/vec4 v0x564ef349db90_0;
    %flag_set/vec4 8;
    %jmp/0xz  T_27.0, 8;
    %pushi/vec4 0, 0, 32;
    %assign/vec4 v0x564ef349dab0_0, 0;
    %pushi/vec4 0, 0, 32;
    %assign/vec4 v0x564ef349d980_0, 0;
    %pushi/vec4 0, 0, 64;
    %assign/vec4 v0x564ef349dc30_0, 0;
    %jmp T_27.1;
T_27.0 ;
    %load/vec4 v0x564ef349d7d0_0;
    %assign/vec4 v0x564ef349dab0_0, 0;
    %load/vec4 v0x564ef349d8a0_0;
    %assign/vec4 v0x564ef349d980_0, 0;
    %load/vec4 v0x564ef349d600_0;
    %flag_set/vec4 8;
    %jmp/0xz  T_27.2, 8;
    %load/vec4 v0x564ef349dc30_0;
    %pushi/vec4 0, 0, 32;
    %load/vec4 v0x564ef349d7d0_0;
    %concat/vec4; draw_concat_vec4
    %pushi/vec4 0, 0, 32;
    %load/vec4 v0x564ef349d8a0_0;
    %concat/vec4; draw_concat_vec4
    %mul;
    %add;
    %assign/vec4 v0x564ef349dc30_0, 0;
T_27.2 ;
T_27.1 ;
    %jmp T_27;
    .thread T_27;
    .scope S_0x564ef349e550;
T_28 ;
    %wait E_0x564ef33581a0;
    %load/vec4 v0x564ef349ed80_0;
    %flag_set/vec4 8;
    %jmp/0xz  T_28.0, 8;
    %pushi/vec4 0, 0, 32;
    %assign/vec4 v0x564ef349eca0_0, 0;
    %pushi/vec4 0, 0, 32;
    %assign/vec4 v0x564ef349eb70_0, 0;
    %pushi/vec4 0, 0, 64;
    %assign/vec4 v0x564ef349ee20_0, 0;
    %jmp T_28.1;
T_28.0 ;
    %load/vec4 v0x564ef349e9c0_0;
    %assign/vec4 v0x564ef349eca0_0, 0;
    %load/vec4 v0x564ef349ea90_0;
    %assign/vec4 v0x564ef349eb70_0, 0;
    %load/vec4 v0x564ef349e900_0;
    %flag_set/vec4 8;
    %jmp/0xz  T_28.2, 8;
    %load/vec4 v0x564ef349ee20_0;
    %pushi/vec4 0, 0, 32;
    %load/vec4 v0x564ef349e9c0_0;
    %concat/vec4; draw_concat_vec4
    %pushi/vec4 0, 0, 32;
    %load/vec4 v0x564ef349ea90_0;
    %concat/vec4; draw_concat_vec4
    %mul;
    %add;
    %assign/vec4 v0x564ef349ee20_0, 0;
T_28.2 ;
T_28.1 ;
    %jmp T_28;
    .thread T_28;
    .scope S_0x564ef349f460;
T_29 ;
    %wait E_0x564ef33581a0;
    %load/vec4 v0x564ef349fc90_0;
    %flag_set/vec4 8;
    %jmp/0xz  T_29.0, 8;
    %pushi/vec4 0, 0, 32;
    %assign/vec4 v0x564ef349fbb0_0, 0;
    %pushi/vec4 0, 0, 32;
    %assign/vec4 v0x564ef349fa80_0, 0;
    %pushi/vec4 0, 0, 64;
    %assign/vec4 v0x564ef349fd30_0, 0;
    %jmp T_29.1;
T_29.0 ;
    %load/vec4 v0x564ef349f8d0_0;
    %assign/vec4 v0x564ef349fbb0_0, 0;
    %load/vec4 v0x564ef349f9a0_0;
    %assign/vec4 v0x564ef349fa80_0, 0;
    %load/vec4 v0x564ef349f810_0;
    %flag_set/vec4 8;
    %jmp/0xz  T_29.2, 8;
    %load/vec4 v0x564ef349fd30_0;
    %pushi/vec4 0, 0, 32;
    %load/vec4 v0x564ef349f8d0_0;
    %concat/vec4; draw_concat_vec4
    %pushi/vec4 0, 0, 32;
    %load/vec4 v0x564ef349f9a0_0;
    %concat/vec4; draw_concat_vec4
    %mul;
    %add;
    %assign/vec4 v0x564ef349fd30_0, 0;
T_29.2 ;
T_29.1 ;
    %jmp T_29;
    .thread T_29;
    .scope S_0x564ef34a0380;
T_30 ;
    %wait E_0x564ef33581a0;
    %load/vec4 v0x564ef34a0bb0_0;
    %flag_set/vec4 8;
    %jmp/0xz  T_30.0, 8;
    %pushi/vec4 0, 0, 32;
    %assign/vec4 v0x564ef34a0ad0_0, 0;
    %pushi/vec4 0, 0, 32;
    %assign/vec4 v0x564ef34a09a0_0, 0;
    %pushi/vec4 0, 0, 64;
    %assign/vec4 v0x564ef34a0c50_0, 0;
    %jmp T_30.1;
T_30.0 ;
    %load/vec4 v0x564ef34a07f0_0;
    %assign/vec4 v0x564ef34a0ad0_0, 0;
    %load/vec4 v0x564ef34a08c0_0;
    %assign/vec4 v0x564ef34a09a0_0, 0;
    %load/vec4 v0x564ef34a0730_0;
    %flag_set/vec4 8;
    %jmp/0xz  T_30.2, 8;
    %load/vec4 v0x564ef34a0c50_0;
    %pushi/vec4 0, 0, 32;
    %load/vec4 v0x564ef34a07f0_0;
    %concat/vec4; draw_concat_vec4
    %pushi/vec4 0, 0, 32;
    %load/vec4 v0x564ef34a08c0_0;
    %concat/vec4; draw_concat_vec4
    %mul;
    %add;
    %assign/vec4 v0x564ef34a0c50_0, 0;
T_30.2 ;
T_30.1 ;
    %jmp T_30;
    .thread T_30;
    .scope S_0x564ef34a1290;
T_31 ;
    %wait E_0x564ef33581a0;
    %load/vec4 v0x564ef34a1ac0_0;
    %flag_set/vec4 8;
    %jmp/0xz  T_31.0, 8;
    %pushi/vec4 0, 0, 32;
    %assign/vec4 v0x564ef34a19e0_0, 0;
    %pushi/vec4 0, 0, 32;
    %assign/vec4 v0x564ef34a18b0_0, 0;
    %pushi/vec4 0, 0, 64;
    %assign/vec4 v0x564ef34a1b60_0, 0;
    %jmp T_31.1;
T_31.0 ;
    %load/vec4 v0x564ef34a1700_0;
    %assign/vec4 v0x564ef34a19e0_0, 0;
    %load/vec4 v0x564ef34a17d0_0;
    %assign/vec4 v0x564ef34a18b0_0, 0;
    %load/vec4 v0x564ef34a1640_0;
    %flag_set/vec4 8;
    %jmp/0xz  T_31.2, 8;
    %load/vec4 v0x564ef34a1b60_0;
    %pushi/vec4 0, 0, 32;
    %load/vec4 v0x564ef34a1700_0;
    %concat/vec4; draw_concat_vec4
    %pushi/vec4 0, 0, 32;
    %load/vec4 v0x564ef34a17d0_0;
    %concat/vec4; draw_concat_vec4
    %mul;
    %add;
    %assign/vec4 v0x564ef34a1b60_0, 0;
T_31.2 ;
T_31.1 ;
    %jmp T_31;
    .thread T_31;
    .scope S_0x564ef34a2470;
T_32 ;
    %wait E_0x564ef33581a0;
    %load/vec4 v0x564ef34a30b0_0;
    %flag_set/vec4 8;
    %jmp/0xz  T_32.0, 8;
    %pushi/vec4 0, 0, 32;
    %assign/vec4 v0x564ef34a2fd0_0, 0;
    %pushi/vec4 0, 0, 32;
    %assign/vec4 v0x564ef34a2ea0_0, 0;
    %pushi/vec4 0, 0, 64;
    %assign/vec4 v0x564ef34a3560_0, 0;
    %jmp T_32.1;
T_32.0 ;
    %load/vec4 v0x564ef34a2cf0_0;
    %assign/vec4 v0x564ef34a2fd0_0, 0;
    %load/vec4 v0x564ef34a2dc0_0;
    %assign/vec4 v0x564ef34a2ea0_0, 0;
    %load/vec4 v0x564ef34a2c30_0;
    %flag_set/vec4 8;
    %jmp/0xz  T_32.2, 8;
    %load/vec4 v0x564ef34a3560_0;
    %pushi/vec4 0, 0, 32;
    %load/vec4 v0x564ef34a2cf0_0;
    %concat/vec4; draw_concat_vec4
    %pushi/vec4 0, 0, 32;
    %load/vec4 v0x564ef34a2dc0_0;
    %concat/vec4; draw_concat_vec4
    %mul;
    %add;
    %assign/vec4 v0x564ef34a3560_0, 0;
T_32.2 ;
T_32.1 ;
    %jmp T_32;
    .thread T_32;
    .scope S_0x564ef34a3ba0;
T_33 ;
    %wait E_0x564ef33581a0;
    %load/vec4 v0x564ef34a43d0_0;
    %flag_set/vec4 8;
    %jmp/0xz  T_33.0, 8;
    %pushi/vec4 0, 0, 32;
    %assign/vec4 v0x564ef34a42f0_0, 0;
    %pushi/vec4 0, 0, 32;
    %assign/vec4 v0x564ef34a41c0_0, 0;
    %pushi/vec4 0, 0, 64;
    %assign/vec4 v0x564ef34a4470_0, 0;
    %jmp T_33.1;
T_33.0 ;
    %load/vec4 v0x564ef34a4010_0;
    %assign/vec4 v0x564ef34a42f0_0, 0;
    %load/vec4 v0x564ef34a40e0_0;
    %assign/vec4 v0x564ef34a41c0_0, 0;
    %load/vec4 v0x564ef34a3f50_0;
    %flag_set/vec4 8;
    %jmp/0xz  T_33.2, 8;
    %load/vec4 v0x564ef34a4470_0;
    %pushi/vec4 0, 0, 32;
    %load/vec4 v0x564ef34a4010_0;
    %concat/vec4; draw_concat_vec4
    %pushi/vec4 0, 0, 32;
    %load/vec4 v0x564ef34a40e0_0;
    %concat/vec4; draw_concat_vec4
    %mul;
    %add;
    %assign/vec4 v0x564ef34a4470_0, 0;
T_33.2 ;
T_33.1 ;
    %jmp T_33;
    .thread T_33;
    .scope S_0x564ef34a4ac0;
T_34 ;
    %wait E_0x564ef33581a0;
    %load/vec4 v0x564ef34a52f0_0;
    %flag_set/vec4 8;
    %jmp/0xz  T_34.0, 8;
    %pushi/vec4 0, 0, 32;
    %assign/vec4 v0x564ef34a5210_0, 0;
    %pushi/vec4 0, 0, 32;
    %assign/vec4 v0x564ef34a50e0_0, 0;
    %pushi/vec4 0, 0, 64;
    %assign/vec4 v0x564ef34a5390_0, 0;
    %jmp T_34.1;
T_34.0 ;
    %load/vec4 v0x564ef34a4f30_0;
    %assign/vec4 v0x564ef34a5210_0, 0;
    %load/vec4 v0x564ef34a5000_0;
    %assign/vec4 v0x564ef34a50e0_0, 0;
    %load/vec4 v0x564ef34a4e70_0;
    %flag_set/vec4 8;
    %jmp/0xz  T_34.2, 8;
    %load/vec4 v0x564ef34a5390_0;
    %pushi/vec4 0, 0, 32;
    %load/vec4 v0x564ef34a4f30_0;
    %concat/vec4; draw_concat_vec4
    %pushi/vec4 0, 0, 32;
    %load/vec4 v0x564ef34a5000_0;
    %concat/vec4; draw_concat_vec4
    %mul;
    %add;
    %assign/vec4 v0x564ef34a5390_0, 0;
T_34.2 ;
T_34.1 ;
    %jmp T_34;
    .thread T_34;
    .scope S_0x564ef34a59d0;
T_35 ;
    %wait E_0x564ef33581a0;
    %load/vec4 v0x564ef34a6200_0;
    %flag_set/vec4 8;
    %jmp/0xz  T_35.0, 8;
    %pushi/vec4 0, 0, 32;
    %assign/vec4 v0x564ef34a6120_0, 0;
    %pushi/vec4 0, 0, 32;
    %assign/vec4 v0x564ef34a5ff0_0, 0;
    %pushi/vec4 0, 0, 64;
    %assign/vec4 v0x564ef34a62a0_0, 0;
    %jmp T_35.1;
T_35.0 ;
    %load/vec4 v0x564ef34a5e40_0;
    %assign/vec4 v0x564ef34a6120_0, 0;
    %load/vec4 v0x564ef34a5f10_0;
    %assign/vec4 v0x564ef34a5ff0_0, 0;
    %load/vec4 v0x564ef34a5d80_0;
    %flag_set/vec4 8;
    %jmp/0xz  T_35.2, 8;
    %load/vec4 v0x564ef34a62a0_0;
    %pushi/vec4 0, 0, 32;
    %load/vec4 v0x564ef34a5e40_0;
    %concat/vec4; draw_concat_vec4
    %pushi/vec4 0, 0, 32;
    %load/vec4 v0x564ef34a5f10_0;
    %concat/vec4; draw_concat_vec4
    %mul;
    %add;
    %assign/vec4 v0x564ef34a62a0_0, 0;
T_35.2 ;
T_35.1 ;
    %jmp T_35;
    .thread T_35;
    .scope S_0x564ef346afb0;
T_36 ;
    %wait E_0x564ef33581a0;
    %load/vec4 v0x564ef34ab900_0;
    %flag_set/vec4 8;
    %jmp/0xz  T_36.0, 8;
    %pushi/vec4 0, 0, 1;
    %assign/vec4 v0x564ef34acca0_0, 0;
    %jmp T_36.1;
T_36.0 ;
    %load/vec4 v0x564ef34aa5b0_0;
    %load/vec4 v0x564ef34a91e0_0;
    %pushi/vec4 2, 0, 3;
    %cmp/e;
    %flag_get/vec4 4;
    %and;
    %assign/vec4 v0x564ef34acca0_0, 0;
T_36.1 ;
    %jmp T_36;
    .thread T_36;
# The file index is used to find the file name in the following table.
:file_names 13;
    "N/A";
    "<interactive>";
    "core.sv";
    "decoder.sv";
    "fetcher.sv";
    "scheduler.sv";
    "alu.sv";
    "lsu.sv";
    "pc.sv";
    "registers.sv";
    "systolic_adapter.sv";
    "systolic_array.sv";
    "block.sv";
